FLOW_OUTcms,EVAPcms,TLOSScms,SED_OUTtons,SEDCONCmgL,ORGN_OUTkg,ORGP_OUTkg,NO3_OUTkg,NH4_OUTkg,NO2_OUTkg,MINP_OUTkg,CHLA_OUTkg,CBOD_OUTkg,DISOX_OUTkg,TOTNkg
9.50758548,5399.68388,38.302108468,3422.11968,494.775868716,32.884091804,459.047139928,158.744425396,52.281705008,45.63335484,2.061419712,19718.6744015,5354.79588863,1146.48715839,75.4826919
11.28240477,7339.83537,94.333909236,5045.97681,546.835911846,43.374407664,593.423001549,168.341057094,45.952694445,51.975609231,3.872166375,60617.8270883,8089.65267533,1323.26530461,92.15115945
11.46246608,4566.8116,33.5887838,3234.504,460.844890792,30.494595664,458.382663128,144.778247328,45.1405838,34.828060904,1.54178024,20251.7293519,4895.7067484,1113.33214127,63.689386072
21.776625,8818.875,76.4118225,6092.775,748.9208025,55.0973475,655.7148,236.1320325,65.0259675,63.8179425,4.4421975,41856.9503625,9515.4228,1674.745605,115.6501125
6.89584157,7430.97795,68.267771867,4903.65069,534.383215283,41.411078404,563.322437005,167.775586971,47.706878439,49.05505123,3.042064877,45349.5308921,7566.48984672,1283.9034416,87.028805609
8.75096516,5437.07812,54.09400476,3653.82052,445.867711972,32.154549356,489.86550662,149.265905604,46.259559704,48.85289922,2.215326056,36806.7262718,5552.93079359,1126.42345522,78.889272908
7.13601132,5389.99012,58.101236368,4027.18656,466.706478128,36.061686948,480.541541956,154.723101748,44.991111472,42.296569924,2.709507444,41650.155461,4849.51832778,1126.741267,75.820857232
7.21223856,5754.17696,74.085372784,4245.59984,612.9943544,46.990225552,449.223268176,196.011239168,49.951123872,54.973744256,3.46260928,51694.6280101,5929.89381862,1300.01277411,99.412706432
6.2557547,4133.32595,35.63649427,3121.21875,358.272465135,25.79042245,453.717004,115.225574815,31.6050449,32.762476045,1.77584862,21200.0746664,4184.57536308,949.568130615,55.971692205
8.96445935,7387.9113,97.62169648,4607.66306,678.813948659,54.102756169,647.540759019,204.748021401,58.480956688,60.296173399,4.437119687,67390.8435396,7640.49063847,1549.56007907,109.762957689
21.9351321,7364.56644,64.29649077,4953.33792,599.778999486,46.512296118,511.528790736,192.661437546,47.17626489,55.437868746,4.067123346,36875.9436611,7584.41384987,1344.54028702,99.918490896
7.0621278,7201.5853,86.424880815,5173.87325,658.849387105,56.417531625,552.286006545,214.24130546,53.48976087,61.79027127,4.71868397,62555.7668754,7214.20034654,1448.33921323,114.291836295
19.4880686,10549.24871,119.121289287,6545.10857,1059.3184592,85.39659128,1000.05029224,339.833378885,88.819222492,101.090126137,6.72056385,83560.1193497,11402.9094559,2457.55229019,181.645091628
16.4887107,7331.0622,69.80525706,5017.551,624.82302036,51.30038067,462.95385906,201.1840215,52.14990396,65.5445406,3.88921995,48093.1937086,7658.82296718,1324.3245015,113.40060732
5.34029064,3802.17015,30.503756061,2514.87345,293.369211357,22.233471963,247.226392923,103.282070328,29.1566067,33.318290949,1.350732558,18941.5331405,3808.10737472,659.081843034,53.179155654
16.64907837,9760.32435,88.957882328,5303.48641,889.579576973,68.341615237,1040.18552701,291.840983764,82.465068364,92.30478171,5.474574721,58334.7280102,9665.55901188,2241.68673034,154.756034921
21.9982147,8863.35835,98.19868795,6428.60449,754.37400643,68.235044801,742.099246713,229.88897129,56.187894906,72.543460748,5.16851258,65276.1116231,10120.6423603,1774.56729979,138.193639045
11.68648305,7647.38865,122.82084837,5358.93435,678.51188262,62.08296633,560.589259395,206.967642255,55.15229742,72.508055565,5.47802178,94089.5301862,7910.24643783,1482.62286298,131.30130024
7.774418,7383.412,70.6235545,4775.859,662.8739952,53.6983266,561.0651732,209.0295225,60.1247895,65.7057654,4.4424883,49862.6862134,7380.2999477,1472.0012457,115.47372
12.3892846,5872.8427,51.761808,3657.9029,494.81618196,37.97543386,419.20286148,166.04842243,45.83316388,55.45582777,2.46364981,34112.6774427,6001.64213405,1106.38177231,89.02123775
6.51144375,7486.5,95.469478125,5636.00625,721.208656875,64.4961975,476.54289375,215.711120625,58.24678125,67.0536825,4.318321875,74598.0757856,7311.81791813,1442.89971,127.3997025
9.40681602,6310.3446,59.598793818,4155.18372,574.762538556,47.025484614,342.84668256,190.91727459,49.69553607,63.508691718,2.942591256,42104.5734912,6043.66524428,1137.79538341,105.90372513
8.00355825,6481.7403,56.145116835,3986.208,591.320530785,47.91961815,536.005251105,192.22076298,50.36449239,61.17874251,3.30564603,38648.8014005,6200.84530199,1345.26817484,104.21401017
17.2057217,7619.8512,74.30942389,4994.4217,645.751128272,54.11193369,561.746176408,213.753677754,55.89478349,70.990881002,3.349803816,44930.5918096,7723.76716497,1445.84747135,120.053442142
12.8639904,7336.25152,77.249262144,4750.12288,682.516229312,57.957720064,568.447960448,214.166777376,59.72757408,75.23656976,4.011609856,54494.751178,7689.40715946,1485.19812563,127.564794336
19.77809978,8278.93498,72.208031642,5116.66466,833.882569054,65.289985722,787.555772542,250.967880732,77.767275044,85.488407796,5.361485588,39797.8227465,8517.95717594,1899.39935251,143.736777944
6.95934652,2368.79916,12.944000916,1657.52006,155.52397238,11.117052576,109.21171107,48.356349573,15.607781105,14.25994717,0.513159899,6272.91415718,2527.47761523,319.181860823,24.039795038
13.99414847,9370.07458,102.896769873,6105.48451,764.296012081,70.679746692,796.780969405,253.059683034,62.257957799,99.810802565,6.158522668,65165.3398375,10070.4163277,1820.79630634,163.968989542
7.67262238,4923.92048,38.062307114,3565.09376,499.257958334,37.220528572,523.588262142,161.358663982,46.918606372,51.48291263,2.253387644,21405.8099108,4982.84826542,1214.08263488,85.691375306
6.08862027,2804.36676,15.58397943,1897.60932,247.43417865,17.778204465,273.736268679,77.639826102,25.011331782,23.971394343,1.107395805,8979.23117983,2856.6959878,606.652171368,39.380055147
9.35908128,3721.9368,25.400691232,2496.25376,267.69391408,22.231371648,228.659338176,86.440704128,24.168150352,29.241081632,1.421567888,16308.1331704,3903.45422382,589.006286608,49.200139168
9.45660537,5365.70267,38.54614876,3425.49446,495.225329704,32.911057601,466.280580505,159.421799231,52.552652718,45.949664165,2.067688207,19922.0753842,5345.71920443,1156.88233075,75.93462298
11.20304136,7311.67416,94.674915888,5030.61615,549.018661632,43.558735584,603.586382238,169.227879198,46.205121291,52.36448994,3.909799992,61068.0101433,8055.54791395,1336.90710676,92.696718891
11.42550032,4594.53592,33.5887838,3217.56136,461.665530664,30.552046616,465.769192096,145.475976048,45.304773384,35.111157016,1.554410208,20350.2179964,4875.18828722,1124.0016918,64.058735624
21.683025,8851.05,76.52853,6051.825,749.54412,55.198845,666.0017325,236.7556425,65.1195675,64.23885,4.4609175,42075.1582875,9453.0778875,1684.097415,116.195625
6.60440574,7396.51056,68.415868254,4885.08792,535.72247796,41.58020469,572.496010458,168.339758838,47.855052438,49.407736836,3.068810112,45582.2825029,7531.16996891,1295.19178462,87.522549168
8.69709592,5399.92692,53.89617462,3657.53564,447.253451732,32.278262852,497.388253108,149.81035644,46.600979232,49.27363656,2.225171124,36811.675369,5543.03259938,1134.34204774,79.433723744
6.8706765,5392.2339,57.925698525,4002.22575,466.94614077,36.12796713,487.6683732,155.024457075,45.22038912,42.562140255,2.72106,41631.8472556,4828.35181077,1134.59018423,76.06224369
7.21220715,5738.07885,74.268742135,4236.39675,614.21507347,47.167283685,456.13433057,196.683387085,50.189476315,55.401736815,3.476141485,51920.7571123,5914.57379744,1309.79537026,100.085275045
6.18417475,4164.9543,35.587720025,3094.58435,359.115110965,25.892465495,460.81340695,115.713317265,31.70692148,32.993196535,1.79182926,21266.6020707,4167.27831786,956.22090434,56.28214943
8.87926416,7399.3868,97.375930288,4584.62784,680.037479264,54.317252912,659.18870004,205.666819176,58.689220304,60.866228072,4.461036216,67329.2306429,7622.06139167,1565.49666582,110.559727304
21.90241188,7316.74458,64.578136356,4945.7871,600.181206498,46.673380278,519.374847798,193.130846856,47.25680697,55.907278056,4.093299522,36996.6503145,7537.47241549,1356.61102787,100.589003712
6.90314625,7179.2721,86.35041051,5157.13835,660.632769615,56.70007252,561.27794723,215.132996715,53.72739645,62.38491805,4.74769113,62622.6476244,7180.01680305,1460.22908077,115.109057245
16.8091888,10536.68256,118.786918496,6529.42208,1061.81938099,85.730309312,1016.74224362,341.167943296,89.236270592,102.00812096,6.7675392,83559.8526512,11361.1348899,2479.24850861,182.980160928
16.06344832,7313.70112,69.409470592,5000.20864,626.003382272,51.543426048,469.403669504,201.906843008,52.37984256,66.182692352,3.90772608,47915.0000552,7612.66366874,1332.87469645,114.25587968
5.25270138,3808.8057,30.457838055,2500.27524,294.147163239,22.350124932,251.186621874,103.671046269,29.276842866,33.65418249,1.359226062,18952.140598,3793.96396532,664.739312964,53.638866558
16.16420254,9717.61508,89.024961005,5308.51103,892.25694574,68.676254929,1052.2340633,293.313448655,82.933614179,93.308700786,5.38890495,58394.9704405,9645.47836928,2273.14662985,156.228751043
21.97990828,8860.30728,98.036065919,6404.19593,757.056507174,68.690264445,755.105653016,231.189642431,56.504901079,73.275107334,5.211532667,65308.6277914,10055.6103288,1792.4511466,139.331688155
11.28308128,7586.9941,122.601159958,5358.91482,679.898666686,62.433690002,570.23737898,207.551895994,55.371611624,73.180605406,5.515868188,93796.7576448,7880.97461811,1495.04586158,132.324311348
7.652546,7365.639,70.8264206,4765.703,664.0241622,53.9755854,570.129911,209.8412408,60.3411123,66.3887564,4.4747336,50112.9805795,7360.0057207,1483.5011384,116.3529757
12.3875729,5874.5544,51.67074556,3647.6327,496.64051182,38.22619791,425.99796814,166.96058736,46.10686471,56.09429187,2.47631639,34167.403744,5983.40003364,1116.87089874,89.93340268
6.22768125,7540.8375,95.22828,5581.66875,722.093150625,64.801695,482.09256375,216.756815625,58.455980625,67.69728,4.344886875,74541.7754944,7274.82042,1447.72548375,127.962699375
9.44874522,6224.38974,59.207804028,4174.05186,576.438239034,47.321504766,347.371052886,191.587512852,49.913358264,64.17892998,2.95705683,42110.1590896,6021.32264113,1145.05668227,106.909187346
7.91424568,6498.3182,56.144846406,3965.4274,593.530432638,48.25676009,544.79782126,193.270779196,50.618784568,61.842189794,3.328260034,38764.7769383,6184.22105554,1357.98407351,105.153792018
16.577993,7607.60875,74.43929155,4979.74775,647.8957104,54.5022279,571.439364575,214.598797925,56.037670475,71.771621875,3.368106975,45093.0812262,7697.70774855,1459.5061842,121.159289825
12.868376,7327.3315,77.24891445,4738.99275,684.289002125,58.34804285,577.916499975,215.0538469,60.082563075,76.064943875,4.037141925,54559.6198388,7659.77528513,1497.6221321,128.74819075
19.79656143,8246.44209,72.269620662,5121.27933,835.114431594,65.598510987,801.141501288,252.016787991,78.07574649,86.414691543,5.407829862,39964.4267396,8487.03580533,1917.92189113,145.033285971
6.95854733,2356.01212,12.918426836,1654.3233,155.779473423,11.153255883,110.680941966,48.590592162,15.671636386,14.394051252,0.514438603,6266.52623151,2514.70184381,321.949935307,24.252699254
13.65884977,9342.64105,102.978156012,6084.14732,766.245011979,71.215614978,810.505964464,254.115569122,62.485351281,101.029156114,6.203940401,65360.2511055,10029.8098262,1837.8511223,165.593359335
7.40962366,4964.10084,37.930990392,3534.0453,499.744688604,37.37138756,530.887389812,161.89397596,47.09868744,51.969460262,2.265076476,21362.0153274,4963.38398585,1222.35504045,86.226687284
5.81805555,2802.53862,15.566886321,1893.03897,248.408303049,17.890269447,277.87636593,78.102528336,25.133085906,24.222215151,1.116902133,8996.27876814,2846.95446959,612.740608824,39.745317519
9.27803408,3736.89936,25.490341904,2478.79744,269.022714096,22.444089376,232.047859264,86.839456352,24.188100432,29.53671688,1.437153888,16407.7959148,3886.84378722,594.32161136,49.731684112
9.13748101,5406.44195,38.808407875,3400.03241,496.12974172,33.005946174,472.612313352,160.10027799,52.688280571,46.26624232,2.080928473,20148.2057175,5332.15132672,1164.57085137,76.205878686
11.0903532,7324.4461,94.94719673,4997.3152,551.06280505,43.7290681,613.13319758,170.11403682,46.42331734,52.73268379,3.94716218,61497.4902799,8021.41182016,1350.54388956,93.24217013
11.41625888,4620.72,33.53949612,3200.61872,460.844890792,30.506917584,472.335235216,145.55807084,45.263803,35.345119472,1.565499936,20432.2918411,4862.87730292,1128.51582719,64.1818008
21.67425,8804.25,76.50513,6048.9,750.0896325,55.245645,676.8341775,237.067155,65.6103825,64.6831575,4.4755425,42285.5728425,9398.52576,1696.5663975,116.6633325
6.45602729,7369.99094,68.514424042,4869.17446,536.567395389,41.700055136,581.175444434,169.186063046,48.031306519,49.760684695,3.092905975,45786.7993558,7495.85035753,1305.7743035,88.016288997
8.68780812,5390.63912,53.846577768,3651.96296,448.787610536,32.411821416,503.822097924,150.453815224,46.828716088,49.689358488,2.235944972,36816.6244661,5528.1851223,1143.74538798,79.977988824
6.72328575,5369.5584,57.76266168,3986.3529,467.48989926,36.224791515,493.22659176,155.50767198,45.40179312,42.88254507,2.74464252,41692.2620437,4799.35279408,1142.4440704,76.36428135
7.18006105,5722.0058,74.390897315,4227.21215,615.438691805,47.338576475,462.68019499,197.29531106,50.415876705,55.805399985,3.487622235,52116.5229579,5899.89129588,1318.36023938,100.635891815
6.06431995,4128.332,35.58322547,3096.249,360.22393433,25.999003095,467.909643435,116.245672335,31.875550525,33.272524805,1.80547939,21324.259221,4153.52930766,966.8653423,56.725778655
8.92069152,7392.48224,97.19203884,4577.72328,681.263959272,54.452121984,670.226329656,205.97338164,59.038821192,61.319857664,4.4764564,67267.9107852,7628.19333141,1578.37367022,111.172852232
21.78906301,7304.13086,64.624946373,4925.63201,600.916534114,46.820686939,527.352710846,193.599486977,47.538263682,56.363123648,4.11014669,37083.6802148,7503.91293383,1366.664297,101.192163878
6.69396,7196.007,86.201748815,5129.24685,661.970445955,56.9377081,569.30344744,215.72736458,53.920684545,62.89756382,4.77223565,62659.803565,7153.26467083,1469.88958071,115.777895415
16.42062951,10520.98338,118.536203874,6516.8688,1064.3202868,86.147365938,1031.76476741,342.252163692,89.486321265,102.926109921,6.810754518,83476.1098763,11336.0556803,2500.10961466,184.315221702
15.88789476,7298.84151,69.014216907,4982.88672,627.120268911,51.767150814,475.394334291,202.564479015,52.636437153,66.775131054,3.924270459,47743.5879334,7573.12075256,1341.43018007,115.111356741
5.25270138,3798.18882,30.408336852,2493.63969,294.889681284,22.459744218,254.757742173,104.024588373,29.393495835,33.976006665,1.366657878,18955.6765499,3779.82055591,669.689433264,54.063143625
15.05124921,9747.7628,89.091788451,5285.90024,894.934314507,69.077973298,1068.29852714,295.187883146,82.73288061,94.112137524,5.443924539,58542.2297424,9612.01038038,2291.88871369,157.366576242
21.96152988,8854.17612,97.954586406,6379.76646,760.143224142,69.169665942,768.2721633,232.408088274,56.846129496,73.973865018,5.25697638,65365.316619,9998.67418679,1810.32905996,140.550435066
10.92636908,7559.5547,122.235392756,5342.45118,681.141397112,62.740736888,578.937315144,208.209892806,55.598261068,73.76533902,5.550441832,93431.2209338,7851.73162635,1506.01174339,133.274812164
7.57126818,7342.75908,71.029260846,4755.52827,665.036127306,54.239173875,578.448189639,210.922785765,60.631842897,67.085447679,4.505183856,50363.0765869,7332.91795476,1494.31875601,117.299560707
12.2660422,5898.5182,51.67074556,3627.0923,498.46467051,38.43143074,432.61077875,167.50781785,46.42609676,56.73292714,2.48692893,34222.129874,5969.71858671,1126.90402829,90.754334
6.12200472,7507.60638,95.067065702,5563.53782,723.297348976,65.139277342,488.766608392,217.64058841,58.616685824,68.324349916,4.37868237,74541.5285651,7237.79894565,1456.56770929,128.847068176
9.13842555,6178.23815,58.98404004,4176.1284,577.55268766,47.600526185,351.61449755,192.36857484,50.06951535,64.84906856,2.96983107,42109.9582264,5993.36585143,1152.87118855,107.80239403
7.889332,6458.87154,56.034188144,3969.57968,595.742975036,48.549911058,552.54182346,194.26649594,50.845499056,62.505931752,3.350474732,38858.8123778,6162.09500872,1368.49390942,106.0388505
15.98941075,7597.83975,74.504499625,4965.09425,649.782836975,54.85342345,580.223649375,215.57496525,56.233050475,72.422237275,3.386179625,45249.2477276,7665.17307095,1471.86934215,122.200176775
12.55955275,7314.001,77.130495175,4730.10575,685.4729727,58.6737514,586.61798385,215.705041825,60.31917945,76.77523735,4.061359,54595.1365121,7636.09742885,1510.05304553,129.8728406
19.80574948,8213.94948,72.269308936,5123.5756,836.346283476,65.845365212,814.1095017,253.004017816,78.50778386,87.279067084,5.44119092,40081.6146098,8462.29197136,1935.82642695,146.267882596
6.96973599,2355.21293,12.892932675,1648.72897,156.205361774,11.206481937,112.277883424,48.867431578,15.73125596,14.523919627,0.518034958,6283.56064669,2499.79671055,324.292201359,24.444345016
13.35703712,9363.94752,102.977818176,6047.54944,768.191491696,71.743322656,823.497611552,255.089232208,62.696383776,102.08440248,6.25025208,65563.0685222,9997.29176627,1852.46315386,167.135794672
7.06261146,5006.10758,37.843324152,3504.82322,500.717783868,37.502704282,538.186517482,162.477869646,47.317670402,52.456190532,2.275304204,21323.0867683,4943.91970628,1231.60054129,86.81058097
5.20471458,2800.71048,15.54741663,1888.46862,249.1389192,17.987709309,281.772954933,78.492196377,25.25484003,24.451189686,1.125585798,9013.32644786,2839.64839949,618.098430129,40.086265629
9.20564121,3750.58496,25.437020809,2462.56825,269.817929894,22.5932844,235.434492148,87.303842408,24.300872865,29.845454381,1.445745765,16487.3938052,3870.20218658,599.299960845,50.196367773
9.15445571,5397.9546,38.984775008,3394.94,497.486529491,33.078258396,479.39608246,160.642959149,52.688280571,46.492345324,2.089925064,20347.2002953,5323.10618807,1173.163784,76.56777929
10.7933816,7301.4052,95.22010339,4984.5147,551.60836236,43.76977369,621.45480263,170.18213548,46.74384186,52.98485364,3.97250717,61858.9994408,8014.59094573,1360.09306256,93.51482078
11.42241984,4597.6164,33.55181804,3203.6992,461.255210728,30.523244128,478.490650352,145.886295984,45.345743768,35.542116168,1.572122968,20514.3656858,4850.5661646,1138.36473785,64.592120736
21.645,8792.55,76.6300275,6025.5,749.15451,55.222245,686.10789,236.59974,65.930085,64.987065,4.4825625,42464.8150875,9375.146235,1705.138695,116.9751375
6.16461859,7343.49924,68.620125925,4853.27944,537.837937321,41.855296498,589.362969236,169.750601173,48.144161161,50.099513538,3.118338007,45977.3716385,7460.55917446,1315.6557076,88.510359202
8.67294764,5383.20888,53.74756982,3646.39028,449.77750426,32.491139228,510.25594274,151.047677156,47.04642212,50.085204524,2.248947892,36826.522846,5518.28692808,1151.6639805,80.423431712
6.7663692,5349.15045,57.65381928,3975.01515,468.214834995,36.34565193,499.14716481,155.930570055,45.528549165,43.136283915,2.765730735,41746.6353984,4775.79090879,1149.69388127,76.726862595
7.17546875,5705.93275,74.51328211,4218.02755,616.66231014,47.491500065,468.797827435,197.90700542,50.666616285,56.19092357,3.498643755,52312.2888034,5886.43241266,1326.92487888,101.186508585
5.99274,4138.3199,35.534451225,3079.6025,360.800402625,26.05210543,475.892971905,116.689135095,32.083964705,33.534207785,1.81180506,21319.824094,4142.8848697,976.622688275,57.08051557
8.92299304,7378.67312,97.008147392,4568.5172,682.490209128,54.654425592,680.650604192,206.525286136,59.253322856,61.810541728,4.507066616,67267.9107852,7609.79728205,1590.02465492,111.908878328
21.38887114,7331.81709,64.76564276,4892.91192,601.989501373,47.008449917,534.796279628,194.33719916,47.779637269,56.799055924,4.13279906,37244.6220317,7463.67754254,1374.71142559,101.594620985
6.6660446,7215.50518,86.12724863,5098.54792,663.15708296,57.16063516,577.55000894,216.246765738,54.113778624,63.38041736,4.79313709,62689.3033322,7131.68845495,1480.28808179,116.520786124
16.1605298,10505.2843,118.45217177,6501.1825,1066.82117662,86.5644199,1044.28290846,343.41971762,89.65302988,103.67709879,6.85083646,83459.1484075,11302.6291122,2517.63132952,185.56693349
15.60846975,7288.89585,68.684434685,4965.54485,628.43233673,51.96446393,482.041697695,203.221287485,52.965235015,67.3672924,3.93931577,47598.325595,7526.96270635,1350.6388273,115.83486591
5.2526618,3787.5434,30.36564052,2488.3125,295.55923726,22.56561027,258.18557977,104.37747668,29.49930964,34.27620609,1.37407934,18959.0695082,3765.64877149,674.63460275,54.45157655
14.80755514,9705.05353,89.024961005,5290.92486,895.603845122,69.345785544,1085.7020522,295.522522838,83.536066117,94.982150477,5.468042715,58656.0208041,9598.62303408,2310.63079752,158.370495318
21.9066108,8893.8399,97.873123104,6337.05162,762.5819364,69.576067134,779.6526171,233.546133654,57.11431767,74.632283766,5.2935891,65381.5748025,9949.90024674,1825.77413589,141.525858948
10.69313418,7534.85924,121.869899948,5328.73148,682.311138734,63.025832254,587.198495302,208.867889618,55.839453394,74.350072634,5.576509262,93065.6839484,7822.48863459,1516.24691399,134.152049782
7.48494252,7352.91504,71.164589013,4732.67736,665.509648941,54.401669235,587.039370102,211.260979233,60.997203558,67.782146535,4.522195089,50552.4877799,7326.1533237,1505.81885732,118.246603977
12.39092391,5898.48374,51.579210615,3618.51266,499.829912224,38.609050809,438.67362489,168.373296723,46.745055717,57.325353945,2.498211555,34267.5348424,5946.88126124,1135.56236187,91.39226417
6.3091666,7480.43772,94.90616686,5548.44412,724.423338996,65.445075704,494.879255018,218.44508262,58.769434068,68.895495524,4.409775392,74525.4426053,7204.82313551,1465.41503248,129.73186087
8.93502728,6194.9802,58.872018436,4153.04764,579.78410886,47.901976848,355.802136412,193.205604316,50.303868156,65.463016152,2.977573732,42098.5862731,5976.58041834,1160.12691898,108.751357492
7.74188877,6475.44947,55.978485577,3948.79926,597.399556271,48.859435807,560.338559641,195.095181778,51.177227339,63.114144387,3.369766603,38963.7232697,6145.47082109,1381.20984253,107.034051698
15.96010375,7588.07075,74.569463475,4950.44075,651.344411625,55.1723813,588.55245455,216.22558065,56.382516175,73.072852675,3.40303115,45379.386438,7639.14528002,1482.9312693,123.1763441
12.32843526,7300.63764,77.011729272,4723.41924,687.245724198,59.00497092,594.902655882,216.355040766,60.55574544,77.544502524,4.083113772,54630.4072952,7612.38530941,1521.29314107,130.937802552
19.82661472,8216.26784,72.516214276,5111.9838,838.816959728,66.21583914,827.080957736,253.992334684,78.631352448,88.020246776,5.4887173,40279.2740422,8425.2306684,1950.03333703,147.194531088
6.94176434,2354.41374,12.871594302,1643.13464,156.567314925,11.255472284,113.725855866,49.016480513,15.754672227,14.636765255,0.521231718,6298.46570002,2484.89165721,326.421483276,24.593393951
12.80532016,9382.23648,103.058899232,6014.01968,770.059404144,72.222493408,835.679278176,256.06372896,62.91554648,103.140285104,6.29140224,65749.8579381,9956.68539802,1867.89354941,168.678773264
7.01147282,4993.32292,37.765520364,3495.69132,501.204514138,37.643883456,544.99909752,162.91583557,47.478209204,52.84539211,2.285166656,21284.1583918,4924.4554267,1239.87276422,87.394474656
4.95882975,2766.88989,15.484162986,1895.78118,249.626027103,18.050962953,285.18252744,78.784424556,25.400999823,24.670383672,1.12704831,9006.02028635,2834.77759468,624.186867585,40.427213739
9.29666272,3744.35061,25.430412398,2453.84016,270.681636743,22.749517211,238.557278063,87.669175318,24.390522818,30.137720709,1.453725733,16557.1570545,3853.59188319,603.950910632,50.628283541
9.11201896,5387.76978,39.084416497,3391.54506,497.938735499,33.123580845,485.727815307,161.095165157,52.914553322,46.808923479,2.096714944,20541.6723039,5309.53831036,1181.75671664,76.884357445
10.4426479,7278.3643,95.49301005,4969.1541,553.85945829,43.94718862,630.52651698,170.93250079,46.96887465,53.34659577,4.00322837,62234.1503505,7987.307192,1372.37079014,94.0606341
11.46092584,4577.59328,33.633912832,3205.23944,460.844890792,30.510922208,486.69812724,146.13258036,45.345743768,35.693983832,1.580748312,20588.2322077,4838.25502628,1149.85508227,64.838405112
21.68295087,8736.94513,76.715467724,6025.4794,749.697459423,55.315655886,694.444398323,236.98853978,66.038961725,65.321754177,4.498049622,42651.7045917,9328.35558558,1716.04337067,117.598052954
6.0135932,7319.62908,68.690599472,4840.01532,538.894511444,41.982298184,596.701301972,170.244028744,48.27829184,50.409805976,3.139519516,46146.5954418,7432.29811972,1324.8266368,88.933360864
8.6970491,5372.0346,53.697869645,3640.798,451.30923347,32.614677145,515.697303365,151.789140985,47.268889095,50.480964555,2.2587808,36836.2227348,5508.35907997,1161.06107023,80.91785008
6.76410165,5331.01005,57.57536205,3963.6774,468.93977073,36.44814519,504.886560615,156.2931513,45.619251165,43.365759975,2.785685175,41801.0087531,4754.64577829,1156.94369212,77.028900255
7.22365644,5692.13106,74.574264534,4211.12076,617.883007896,47.638246194,474.485161458,198.456757884,50.868226332,56.545432482,3.50850192,52501.7081349,5874.78325665,1334.87224009,101.67537534
5.90784285,4125.0027,35.534451225,3071.27925,361.95350568,26.16297112,482.545579165,117.2213237,32.221464795,33.78706812,1.82512226,21373.0459509,4128.69239672,985.049479505,57.43541895
8.75034102,7367.13351,96.885055413,4559.29131,684.326840682,54.868688853,689.845631511,207.321631857,59.486208366,62.300724945,4.534665153,67267.6185092,7597.50039164,1602.89469479,112.582734519
20.31665896,7319.23244,64.799117929,4875.29341,602.861365925,47.155942015,541.837391303,194.940758974,47.927129367,57.208057049,4.148907412,37325.0930659,7436.85386445,1383.42906434,102.130978768
6.64652062,7195.9812,86.052778592,5084.60222,664.568945628,57.398269888,584.832732394,216.841410386,54.277222228,63.826400846,4.816008038,62733.8905243,7111.62449744,1489.9485471,117.189342982
15.75317652,10502.11768,118.368453509,6485.4963,1070.15701894,86.898131004,1057.63562475,345.004591676,90.32071852,104.594763251,6.889978219,83408.7964519,11269.2027572,2535.98790096,186.818323975
15.4106754,7308.63948,68.420679972,4935.86508,628.627278204,52.141964604,487.242055284,203.549934888,53.090332872,67.8279807,3.955118328,47446.6724016,7480.83542567,1357.21855322,116.55883494
5.2208114,3776.9266,30.31972286,2481.677,296.26644885,22.66461193,261.47386815,104.69558255,29.5983113,34.56259427,1.38071484,18962.6053007,3755.0413939,678.87747416,54.84054956
14.70957505,9735.20125,89.091788451,5268.31407,897.611934505,69.613346559,1100.42795726,296.392535791,83.737050917,95.785335984,5.503466286,58763.1185696,9578.54239148,2324.01814381,159.173932056
21.845518,8884.6576,97.79164439,6315.6735,765.018141265,69.96606839,790.380299495,234.602251915,57.390555605,75.24987678,5.32774351,65397.6183362,9909.22276777,1840.40037742,142.58227881
10.54221748,7512.90772,121.577670338,5312.26784,683.55386916,63.318336258,595.093908258,209.379634428,56.051285562,74.935080642,5.60586942,92773.2545795,7793.24591722,1526.48181019,135.0292874
7.3249573,7375.7369,71.367173228,4707.26892,666.860050224,54.665254992,594.275182188,211.936785336,61.206683064,68.322936208,4.547820976,50761.9929354,7312.59526028,1514.60693767,118.922776424
12.49876038,5922.4474,51.442275415,3601.39576,501.654060257,38.818904003,444.419939389,169.23992537,46.973052825,57.872581238,2.508310526,34317.700197,5928.63926741,1144.68344437,92.167488571
5.96804898,7495.53142,94.745268018,5512.21924,725.549329016,65.742723468,500.589503602,219.168674598,58.914333588,69.434340614,4.437245926,74469.1425005,7173.45601192,1468.6321037,130.214557396
8.6897438,6182.40156,58.760487828,4144.66188,581.459793352,48.175771912,359.767762316,194.04334174,50.543910536,66.077482716,2.987636644,42081.8294282,5954.23823797,1167.38814856,109.58930456
7.81040106,6525.27659,56.089143306,3915.58118,599.612088012,49.169194403,567.529443509,196.090893726,51.387331695,63.667225419,3.387413708,39057.7584638,6128.876314,1393.93215956,108.029763646
15.3372672,7575.82848,74.569158144,4938.20928,652.643214336,55.47792384,596.293410816,217.070687232,56.571070464,73.723410432,3.419380224,45515.84591,7613.08656077,1493.33622221,124.086795264
12.0196134,7291.75068,76.952630988,4714.53228,689.02156098,59.31268191,602.597874546,217.124651502,60.792582924,78.195694518,4.103998128,54665.9240309,7594.62694159,1531.94816176,131.944028598
19.7384319,8179.1388,72.515901485,5118.9168,840.048790295,66.524357745,838.81334158,254.73241561,78.9398175,88.822711715,5.52462805,40408.8136071,8400.48720744,1965.46699145,148.305545005
6.86264453,2365.6024,12.850335848,1632.74517,156.886751168,11.300226924,115.088634654,49.229384729,15.797269054,14.736903762,0.524907992,6311.24147144,2472.11588579,328.124956761,24.742442886
12.85104256,9354.80304,103.140285104,5998.77888,771.846235536,72.669048848,847.049219792,256.957144656,63.126783968,104.114781856,6.327370528,65920.4046239,9932.32175995,1881.69988531,170.059589744
6.84527224,4978.71188,37.68278535,3486.55942,502.177609402,37.765520364,550.838217018,163.305037148,47.638748006,53.234776326,2.29393328,21250.0958568,4909.857354,1247.17189189,87.881022288
4.85645391,2764.14768,15.474382437,1891.21083,250.356643254,18.124088553,289.079116443,79.100966997,25.620193809,24.889577658,1.131253032,9010.89109116,2832.34223798,629.54468889,40.719441918
9.18569129,3756.81931,25.417070889,2438.87772,271.445718679,22.892283826,241.480689465,88.034632915,24.48353932,30.420136764,1.46133164,16616.9541966,3836.9815798,607.937403396,51.02690788
9.00163038,5406.4101,39.283128558,3376.24794,499.29258186,33.195697506,491.152072938,161.68221627,53.140343268,47.080071576,2.101625226,20699.8414724,5304.98448856,1186.72450079,77.019531564
10.42468648,7257.85515,95.765542639,4956.33424,555.767122001,44.097038232,638.504622639,171.750293884,47.180154619,53.666910661,4.030349687,62574.9524633,7966.81319343,1383.27883719,94.537723475
11.45784536,4556.02992,33.658556672,3208.31992,461.665530664,30.564368536,492.44322244,146.624995088,45.42783856,35.890980528,1.591375968,20657.9950682,4825.94404198,1157.6520852,65.125659872
21.92572504,8728.17016,76.808774905,6005.00447,750.164872825,55.39346062,702.315253914,237.456245681,66.124663932,65.649060558,4.512967071,42823.1531731,9289.39003879,1725.39514869,117.987661622
5.60827172,7258.6984,68.70464002,4842.66448,539.318112128,42.059918572,604.2535273,170.808829656,48.433532616,50.76982682,3.161242628,46323.0506911,7397.00706986,1334.00226737,89.356961548
8.6970491,5366.46195,53.59886223,3637.0829,452.744562355,32.738389975,521.14122515,152.38299972,47.47674894,50.82739763,2.26769704,36831.2736644,5498.46075328,1169.47465721,81.412887155
6.76410165,5312.86965,57.48466005,3952.33965,469.48352922,36.53884719,510.26360193,156.716049375,45.691812765,43.589340405,2.80450584,41849.3404476,4734.1047231,1162.98512559,77.330937915
7.1639568,5710.50018,74.696648796,4188.15936,618.494929206,47.78496954,479.92999824,199.007372256,51.070286652,56.894216148,3.516997638,52660.7672634,5863.77142844,1340.98984589,102.164912388
5.7996406,4091.7097,35.530123135,3074.60855,363.37278627,26.30047121,488.311260905,117.62050677,32.51860482,34.017622145,1.844598665,21488.3602515,4114.05629453,993.032807975,57.745876175
8.63526552,7353.32445,96.823605096,4550.08527,685.553315361,55.083419736,699.043616226,208.118874921,59.749731261,62.72995656,4.559061159,67206.2989179,7585.23656545,1614.54539871,113.2573071
19.24444678,7306.64779,64.84618452,4860.19183,603.666028446,47.290094384,548.342145195,195.47736845,48.074621465,57.583583005,4.167029308,37405.5638485,7403.32432977,1392.14695478,102.667588244
6.60747266,7218.29432,85.904396344,5059.49996,665.906617172,57.61387041,591.743663486,217.287114958,54.35894403,64.235009856,4.842225954,62778.4774374,7090.07392832,1498.8659855,117.78398763
15.23934976,10489.58532,118.201459812,6472.96394,1071.82632929,87.232118398,1070.15701894,346.089894052,90.654392605,105.346078233,6.927575299,83375.4061719,11244.1602821,2552.68319765,187.903626351
14.79758894,7293.75062,68.156651634,4920.99542,629.74158818,52.33902512,492.308641052,204.14098228,53.3004853,68.354381234,3.969668882,47314.584741,7447.8489593,1364.45114763,117.282323592
5.1916152,3787.5434,30.28428929,2469.7331,296.72602358,22.74941362,264.76228924,104.9430867,29.65842893,34.82429839,1.38668679,18966.1410932,3744.4338836,683.47415043,55.22952257
14.1945515,9730.17663,89.158867128,5260.77714,898.950493273,69.881158805,1114.48458295,297.262799975,84.004611932,96.521694045,5.537633702,58856.8289887,9565.15504519,2342.09069703,160.311757255
21.6746592,8872.4534,97.79164439,6297.3672,767.375382495,70.34805985,799.89133766,235.659135635,57.62640177,75.810964875,5.370763315,65430.1342913,9868.57790009,1854.21949818,143.476541565
10.41874018,7493.70014,121.358155138,5298.54814,684.869862784,63.596022986,602.404861994,209.964368042,56.248849242,75.446825452,5.634406396,92553.9322785,7771.3136048,1535.98599517,135.833536214
7.2487879,7360.50302,71.57003773,4697.113,667.942417398,54.888431334,601.377978738,212.54563274,61.42300416,68.864246744,4.573464674,50958.1679868,7292.30119314,1524.07733307,119.666697564
12.49704869,5922.4474,51.396744461,3594.549,503.47820829,39.024135634,449.755619457,169.969447648,47.201049933,58.374277577,2.518238328,34349.623729,5914.95772924,1153.34836149,92.897182018
5.89861796,7462.32528,94.664969534,5497.12554,727.318914404,66.040069358,506.380654418,219.973168808,59.074930556,69.957186382,4.458980854,74324.3703713,7153.34878853,1477.47942689,131.099048216
8.60165229,6136.25061,58.536728103,4148.83497,582.015718389,48.343046871,363.675888177,194.377635312,50.778259959,66.524126403,2.990557395,42042.5298594,5943.03858977,1175.76096263,110.649994686
7.48856484,6514.86456,56.144305548,3909.33396,601.821720972,49.445704368,574.71776676,196.97499918,51.641616492,64.275429528,3.406290084,39151.6048697,6117.78398029,1404.98846611,108.91429326
14.63878656,7561.17504,74.634365952,4928.44032,654.595296768,55.757804544,603.906361344,217.786263552,56.798931456,74.30881536,3.436964352,45626.4632632,7593.56573645,1504.39785984,124.9327872
11.86853508,7282.86372,76.89331053,4707.86706,690.797397762,59.667938136,609.701221674,217.83494178,61.029420408,78.905984796,4.123993788,54707.3599262,7576.86879594,1542.60318245,132.89115636
19.474056,8209.24194,72.515588694,5098.02966,841.89821598,66.771205842,849.928018404,255.657725508,79.186612044,89.563733718,5.557988316,40532.1755317,8381.92048106,1979.66506927,149.2315458
6.86175948,2365.5728,12.830994736,1626.3313,157.182882236,11.342601904,116.407280112,49.399073996,15.824723016,14.834618914,0.527618636,6323.93819245,2461.43859674,330.037204764,24.869922174
12.88762048,9333.46592,103.058899232,5983.53808,773.2267472,73.050983296,857.606826768,257.607012368,63.43525776,105.089278608,6.360595472,66066.5876715,9907.95781707,1894.69388658,171.27763448
6.79778636,4940.3579,37.673105536,3488.3858,502.664339672,37.882226046,556.677519154,163.743003072,47.784675768,53.575396196,2.301604076,21211.1672977,4895.25909866,1253.49774166,88.270406504
4.66906956,2775.11652,15.489007557,1882.07013,251.817875556,18.245842677,292.245089295,79.612480569,25.766262195,25.084365975,1.138748406,9025.50332277,2825.03607647,633.441277893,40.938635904
9.12210092,3734.37565,25.390512558,2438.87772,272.143342444,23.025200168,244.337642696,88.400090512,24.616455662,30.71913619,1.469311608,16683.3954101,3820.3712764,611.923771473,51.359074048
8.74690832,5321.4744,40.22338696,3325.28496,515.567864544,34.212921664,560.793097952,169.775572384,55.536672176,50.51666312,2.157615984,22395.5445122,5173.76877275,1292.08538696,81.903007696
9.27769368,7040.1925,97.401703255,4795.01111,583.66011902,46.211311556,738.69795822,183.208081459,50.385505691,58.025010578,4.301941628,66216.79655,7673.45448728,1522.41346735,101.084875964
5.73123304,4554.48968,33.724170896,3128.22744,471.924761256,31.147041328,559.743855216,153.355073768,46.905236768,38.599338544,1.664845416,21187.3715515,4698.72945942,1239.31561,68.4906222
17.03508352,8616.99108,77.728126022,5756.36064,762.319695022,56.655692608,792.55696827,244.391146438,67.60506274,69.919599414,4.668853076,44451.7616993,8775.01458699,1836.83040289,123.286737008
5.20287168,7075.79952,69.28243536,4657.15296,555.755176032,43.774323792,691.623772416,178.42882848,50.1478416,54.643928064,3.365177136,47938.6575145,7055.28288034,1446.20600093,94.931480112
8.19732402,5392.43862,53.05412871,3542.32878,474.518066454,34.326781938,587.456126946,161.587590354,50.579699676,55.677160944,2.33492778,36915.2098736,5389.55125982,1268.44998087,87.59880009
6.15634395,5226.65665,56.952643998,3775.43745,482.468480431,38.181803905,567.59223689,162.997766002,46.893654165,46.543094027,2.988151034,43129.7541344,4490.59350995,1236.68025035,81.800917997
7.03298493,5604.80451,75.61319841,4093.96413,636.227742234,49.809284619,543.730098939,206.774119551,54.158805792,61.481559804,3.636349407,54892.9938528,5754.80202875,1437.01814739,108.648021813
5.3302093,3988.5014,35.570074735,2988.04675,378.54107707,27.520160265,551.734092975,123.74109189,34.674160105,37.12236086,1.92799763,21980.6631767,3991.64592385,1086.17114073,62.22528286
7.45452611,7341.7531,96.086977351,4405.05186,711.301261188,57.866823368,805.732776782,217.437410432,63.158639325,68.493493145,4.817939166,67818.9057126,7419.60905446,1764.76319948,121.963550017
7.26637691,7077.60716,65.235050205,4673.93901,618.687318379,49.114113555,627.404957127,202.920937232,50.616217379,62.619708242,4.297154589,37995.6840114,7068.02873119,1491.39428685,109.440395181
6.35363814,7006.29456,85.086594345,4931.18184,685.522412268,60.25915365,673.186648104,224.569033254,56.677352904,69.696732831,4.99812096,63157.2404556,6870.83014177,1613.30001003,125.957668626
13.01460662,10276.3384,117.280905111,6353.78484,1106.86503567,91.654286226,1228.73708294,361.859638849,94.7428272,115.277645729,7.273015842,83465.6310876,10926.7438358,2785.52653122,203.175742288
9.84653568,7058.66112,66.244397712,4762.61904,647.298008256,54.891964896,552.343445616,212.363873088,57.051826224,74.804754384,4.098521616,46298.5921769,7045.86729672,1457.24353474,126.298873584
5.19680612,3729.0667,29.979572956,2398.01549,307.432619289,24.092557729,298.770037157,109.60801958,31.068566598,38.186041129,1.44252509,19195.5355276,3613.52681023,735.787591564,59.86014649
13.17706595,9609.58575,89.49350682,5187.92015,927.063744635,73.696604002,1281.15524804,310.716973718,88.020790698,106.495062283,5.83358382,60329.4210026,9371.04065934,2562.97952424,174.502289059
13.06446764,8616.08048,96.733809508,6095.93796,801.346741776,74.956544054,909.62347525,251.020229684,61.868888662,83.646459218,5.63828496,65982.255825,9405.13374689,2034.66299719,155.8308465
9.4940324,7211.07432,119.676668706,5169.58296,706.5096712,67.15655953,695.909007798,218.079296198,59.32672674,82.46500079,5.918129792,91164.8922278,7486.19491531,1665.38581526,146.434199616
7.31722508,7119.18776,72.651260312,4628.48762,685.248988558,57.498612498,691.337112784,221.403692608,64.46622554,75.627659674,4.774984458,52560.5638568,7116.30809425,1645.13892533,128.999986884
11.57958285,5987.49162,50.940750245,3481.57746,529.016965428,41.568905157,515.335598427,180.686681076,50.393351783,64.941347431,2.603138152,34796.551979,5750.78012704,1265.53646098,102.337494706
5.62085664,7160.40384,93.698955696,5331.05952,742.916953776,69.248833056,567.985450368,230.025256512,60.66721584,76.101327456,4.71071256,74179.1067815,6834.00051379,1569.96231336,140.347537728
7.65391989,6113.07324,57.474418601,4012.49046,607.697550059,51.51459147,415.334480771,206.885391735,54.178893521,74.230654232,3.056955898,42030.5566522,5741.84890122,1272.3668044,121.092727375
6.73275987,6421.34637,56.253942249,3817.92951,634.448121384,53.449559877,656.020564965,212.017369506,55.313681088,72.073748049,3.554473689,40533.8817778,5924.09769431,1541.03966998,120.473219001
11.92286922,7392.56967,74.893544523,4796.50044,681.915829968,59.771868645,693.628180686,229.886448405,59.823887718,82.571608542,3.585896943,47155.0083319,7339.70608078,1643.62564658,137.164038219
11.01301647,7131.6891,76.47792333,4641.15219,720.976665453,63.929038737,702.034810335,230.025855705,65.586434397,87.961497978,4.29678714,55476.1366912,7399.18587222,1684.64671052,146.32626402
16.6059829,8169.6892,73.44096204,5016.8012,868.44329405,70.290856,983.32989617,267.8216075,81.28539375,98.58014358,5.86900828,41952.1160672,8116.17796757,2163.69651411,161.95296055
6.21354675,2310.40047,12.585968496,1580.75826,163.015016268,11.923776234,132.375158136,52.187798925,16.427099184,16.126930932,0.554224395,6400.51185225,2329.39450322,356.222755053,26.722007124
11.48843966,9031.63882,103.951632862,5843.28438,796.610966462,77.736409606,988.352993906,268.406406212,66.699704294,116.53953662,6.694325068,67463.0045769,9599.28631185,2064.41499706,187.031736702
6.21331074,4719.34008,37.29812814,3435.40197,514.826672724,39.497625531,624.312440388,170.846503191,50.022813204,58.538445966,2.372271993,21016.4097952,4712.26928854,1344.4857456,94.79042937
3.91857522,2738.52376,15.36946187,1837.2606,263.991862344,19.419478918,330.720436088,85.35903607,27.348949418,27.836051992,1.206467794,9134.9952583,2739.76797847,694.561653464,44.9808926
5.21806725,3653.2705,25.323648185,2347.81855,283.466983525,24.78214123,275.82641141,93.44816569,25.86515514,34.183514915,1.525770345,17457.1558273,3660.85359233,662.740798885,56.57382379
8.98974816,5309.65488,39.1519149,3396.61746,502.91071785,33.403806102,502.458514506,163.853097864,53.773495848,47.758376592,2.105189892,20916.9252184,5268.80380764,1207.98077389,78.195362106
10.02531244,7250.17488,95.697188236,4915.3728,561.29205223,44.513308866,657.671248442,174.069479415,47.739534284,54.505852154,4.064654893,63161.5499812,7898.60420354,1411.24449232,95.833641033
11.50713304,4532.92632,33.580466504,3206.77968,464.538078264,30.728404096,505.985474592,148.102239272,45.674122936,36.428524288,1.594764496,20690.8245136,4801.32191937,1175.70831872,65.741139776
21.10380285,8748.64509,76.855574745,5952.35465,753.282327167,55.666069688,719.070474131,238.780973652,66.381770553,66.49087268,4.53080951,42994.6014619,9188.07950016,1745.65713942,119.000878158
5.4784422,7216.2846,68.66914698,4816.1547,543.26860812,42.42666708,620.76737205,172.643251095,48.76502337,51.560141535,3.188252025,46541.6794619,7319.33891924,1356.58335488,90.48595689
8.75834825,5353.4591,53.64827306,3627.79515,457.594625405,33.074978035,533.01914287,154.511194755,48.10534386,51.866696855,2.275684505,36920.3576758,5468.76614474,1189.76597614,82.798619455
6.5396142,5340.08025,57.48466005,3902.45355,473.10843465,36.961745265,518.842423845,158.58881892,46.06028964,44.18729334,2.82854187,42272.2441915,4679.7313684,1175.6722946,78.29759448
7.40734764,5657.68896,74.818803444,4188.15936,622.777230306,48.219399228,490.880519514,200.842676958,51.810332574,57.897399714,3.533529846,53095.1207196,5838.07739222,1360.5662763,103.633064304
5.66480395,4096.70365,35.614354425,3051.30345,367.320170815,26.610928435,500.72971637,119.08406705,32.939927735,34.62971395,1.860579305,21612.5448062,4083.89716462,1012.99096268,58.588522005
8.11972728,7387.8471,96.76238493,4510.9596,690.458983926,55.592283597,719.279182599,209.651680581,60.510150165,63.894980922,4.585988826,67512.8971043,7548.44462659,1647.04479127,115.158124209
16.50602694,7243.72454,64.80591364,4845.09025,607.823745113,47.692551491,563.564537835,197.15364383,48.591095501,58.669889993,4.179865651,37465.9170613,7336.2650087,1410.92350428,103.94165821
6.60747266,7179.24636,85.904396344,5037.18684,670.14248409,58.119262578,606.680344928,218.847917702,54.804927516,65.334767758,4.853940342,62882.513754,7042.51462869,1520.41627571,119.34451146
14.803803,10411.22484,118.201082544,6469.8102,1079.33572084,88.149832416,1101.03919261,349.010386524,91.48906908,107.349346656,6.965150148,83475.31058,11177.3440468,2597.75161204,190.991616876
13.39865202,7256.67632,68.222643888,4893.8076,634.08793195,52.905520424,502.58168242,206.182293238,54.005144162,69.67126037,3.987217384,47307.9996038,7375.41195615,1382.88967999,119.126152112
5.1730358,3770.2911,30.27725566,2460.4434,299.13046336,23.03938497,270.24281411,106.0392713,29.91309942,35.49965958,1.39305687,19072.2156654,3716.14727794,693.02077699,56.18423831
13.82272962,9828.15672,89.29252202,5205.50632,906.982850805,70.885329112,1149.29113061,300.877260372,84.874876116,98.730516997,5.728318031,59325.3808333,9498.2190674,2374.22012716,163.323765714
21.0705513,8841.9429,97.87280232,6260.7546,776.398557765,71.40494357,821.02657122,239.560818375,58.626230855,77.460972715,5.417139275,65641.4875422,9771.0300346,1888.36135789,146.159024725
10.2486159,7414.12588,121.285166334,5293.06026,690.206826084,64.31246572,621.339419964,211.792106476,56.906846054,76.909071078,5.67446792,92700.1472373,7712.82762128,1563.03548129,137.953504258
7.42143854,7294.48954,71.502500862,4694.57402,672.339422962,55.395719538,618.56027199,214.371921054,61.964314696,70.14947842,4.58920635,51066.402673,7258.47791717,1548.43021364,121.62856741
12.49362531,5922.4474,51.442275415,3580.85548,508.950823558,39.530282367,461.521776517,172.477758174,47.748277226,59.69690044,2.528850806,34445.3939827,5883.0343684,1176.150811,94.767032174
5.92578662,7462.32528,94.745268018,5451.84444,731.420778316,66.659514806,516.755761924,222.466346174,59.259979318,71.107326322,4.487055136,74372.6276471,7083.37560282,1495.1737714,132.788033246
8.48425221,6115.28631,58.480753422,4136.25639,588.718214742,48.951850143,374.958874437,197.72898831,51.70006023,68.25556794,2.992653825,42064.8721429,5915.11078788,1199.22022397,112.995899856
7.422129,6494.10336,56.19953034,3896.87724,609.565856184,50.330754324,589.652543592,200.625648588,52.416009252,65.990304648,3.42455994,39461.366126,6073.53231294,1434.30514902,111.569443128
13.90611456,7536.75264,74.634365952,4904.01792,661.75301376,56.668760064,620.954661888,220.909644288,57.482025984,76.195934208,3.457234944,45951.8089513,7535.00350771,1533.67909632,127.730617344
11.99067681,7236.17461,76.892964435,4707.84587,698.489472527,60.614570898,627.45654314,220.912168225,62.035367233,80.858974658,4.148858602,54979.4062524,7535.39876161,1573.37697534,135.909444944
19.3349556,8241.6987,72.701055894,5067.89124,849.310180794,67.574278818,874.635263286,258.313847646,79.55731461,91.354883202,5.593690752,40766.8940103,8326.32923803,2016.1082149,151.887667938
6.84657506,2363.97444,12.788398442,1616.74114,158.673352936,11.463997346,119.5373485,50.059196676,15.967376646,15.10929708,0.530415766,6321.80893717,2435.88729369,335.786186012,25.27446709
12.43039648,9379.18832,103.383833088,5919.52672,779.074032528,73.96055424,883.594829296,259.962020784,64.07689544,107.363205968,6.419120144,66277.7407255,9834.86629325,1926.36701232,173.957881568
6.68272442,4944.01066,37.721687244,3462.81648,505.58399074,38.227777142,568.356123426,165.446102422,48.237252732,54.597255806,2.307996406,21225.765553,4852.92434081,1271.01564807,89.632885984
4.41952845,2779.68687,15.484162986,1870.18722,254.009724009,18.460192092,298.820634654,80.805798954,26.082896043,25.668822333,1.148254734,9044.98635919,2805.55313145,644.887536654,41.815411848
8.7904335,3741.85687,25.390512558,2417.68093,274.76775442,23.410607685,249.619758077,89.595963529,24.848996917,31.456659795,1.477042202,16872.7529436,3783.82863388,621.890003383,52.455322152
9.6416864,5358.94436,38.062424292,3450.97684,492.514655608,32.73929676,450.273205304,157.613733968,52.010277956,45.22171594,2.050046596,19465.4069905,5381.93180391,1134.72837494,74.940007544
11.712549,7370.58548,94.06136892,5063.91736,543.768719964,43.122149256,580.260926456,167.1822363,45.714270756,51.4712126,3.827891424,60058.7434416,8144.25220793,1305.53601013,91.401148228
11.48710992,4540.62752,33.53949612,3254.52712,459.61377696,30.424822792,450.17518624,143.83454228,44.97654824,34.46287,1.530690512,20157.3443688,4920.32902504,1092.40336015,63.03278176
21.788325,8830.575,76.30272,6122.025,749.0764125,55.0429425,641.99889,235.898325,65.0025675,63.27243,4.4258175,41623.15599,9577.768005,1656.8214975,114.71499
7.11572434,7428.32876,68.161804267,4940.73935,532.477652916,41.19225531,551.464397646,166.787439101,47.530442385,48.554089401,3.011864111,45095.4322437,7622.95627189,1271.1984562,86.393529847
8.8419856,5420.36008,54.143601612,3670.53856,443.0466356,31.936843324,479.422861568,147.979173792,45.863713668,48.209626192,2.201394356,36781.9806006,5577.67646489,1116.03022126,78.196403028
7.60539624,5385.455,58.191712012,4058.9324,465.377461212,35.862368424,472.627077288,153.99793606,44.767530056,41.903828532,2.68252348,41505.1590579,4886.37161992,1117.07488548,75.277096344
7.21223856,5774.8424,74.024294928,4259.3768,611.648345408,46.751424912,440.352513248,195.093693632,49.639075728,54.380186896,3.447913856,51407.0957368,5951.91766688,1287.77745594,98.617546224
6.2624133,4125.0027,35.640988825,3141.19455,356.454001475,25.62628796,445.733841995,114.427208675,31.405453365,32.372282085,1.751045335,21120.2417146,4207.19479375,939.36732188,55.528229445
9.17389858,7406.32354,97.62169648,4621.47224,675.134722801,53.710345304,632.823855587,203.398864515,58.088545823,59.535747887,4.399834901,67329.5231853,7671.15070052,1529.93769459,108.597923203
22.00057254,7377.15114,64.21594869,4978.50732,598.102465752,46.27771731,500.396868504,191.722618926,46.921550562,54.78749145,4.044470886,36761.9426392,7631.35553596,1329.78724321,98.979672276
6.9394052,7274.1032,86.6477339,5173.87325,658.106357545,56.187147835,540.544800705,213.721128985,53.058837195,61.0991199,4.7025069,62540.9043318,7244.66818439,1431.99061051,112.954159955
20.5690641,10558.6818,119.288352534,6567.06144,1055.14818443,84.729191706,979.184265186,337.831133814,88.31851689,99.754791204,6.666381978,83560.3860482,11453.0319133,2428.34329014,179.725683192
17.05239628,7313.81948,70.135055,5054.6674,622.720687704,50.95821538,454.857531484,200.131955164,51.787971784,64.695540796,3.86700594,48231.8773235,7718.154066,1311.16416304,112.216088
5.30980712,3816.79712,30.546453752,2522.85512,292.664332408,22.102785464,242.596341592,102.787832816,29.018938632,32.887228008,1.341851032,18909.8529904,3822.27958543,653.075884712,52.613805112
17.0334618,9697.5166,88.891054882,5346.19568,886.232677591,67.806241976,1017.42726441,290.03362795,82.063601226,90.965971711,5.420560056,58107.1456355,9705.72079954,2212.90419959,153.015757784
22.00438896,8915.25576,98.442791092,6440.82988,751.775128112,67.739467944,725.680766412,228.263804228,55.700211372,71.543859596,5.126119508,65251.9382856,10185.7080808,1749.37302585,136.324390156
11.80172895,7680.31605,123.040089975,5380.88595,676.09940178,61.615122855,548.16108666,206.09040144,54.823297815,71.63081475,5.434941765,94381.9606207,7954.11094813,1466.53920006,129.98530182
8.14006606,7368.20702,70.353174189,4806.34593,660.847175275,53.319717802,548.958590397,208.015757379,59.854367839,64.806199042,4.407975261,49599.0578799,7407.38800672,1457.12463615,114.32400327
12.0195574,5953.2926,51.898744,3637.3625,492.99202327,37.77482262,409.35219915,165.2731935,45.46840061,54.68059884,2.45492014,34089.87486,6015.32375215,1090.41999864,87.83554316
6.3454125,7625.3625,95.791276875,5620.9125,722.817046875,64.4237475,465.604453125,215.309023125,57.67563375,66.305938125,4.31258625,74686.5481031,7344.7938375,1427.61819375,126.11311125
9.80519019,6327.14646,59.710819952,4169.87883,571.972572455,46.584401988,336.648217542,189.465960486,49.343775802,62.559503388,2.930236119,42082.431618,6077.20803201,1126.07085134,104.507771618
7.96622592,6498.3808,56.145387264,3996.608,587.451340544,47.399978496,524.391510016,190.23023616,49.933308928,60.128084992,3.281786112,38483.0409183,6234.06445517,1326.46734387,102.610470912
17.77232602,7597.87086,74.30942389,5028.61334,642.757894416,53.604432062,549.903657668,212.387233284,55.562880356,69.94998979,3.32757925,44715.8619605,7769.31604664,1428.92944787,118.491861098
13.13948864,7314.03392,77.426780768,4772.34048,678.964523776,57.413166688,555.54331184,213.101443456,59.171245376,74.052816032,3.983171328,54411.8784192,7719.00455747,1466.84772109,125.84826256
19.85228794,8248.79604,72.146362734,5142.16684,831.411871488,64.857607852,770.260425904,249.670747122,77.64370539,84.376512748,5.31024939,39593.9847491,8548.84170695,1875.92714603,142.068935372
6.961032,2369.628,12.9718152,1665.5328,154.80192312,11.03631264,107.1263664,47.97373824,15.53772672,14.08126464,0.5086908,6253.8287112,2548.80248616,315.77894496,23.7845916
14.28677279,9400.55628,102.734607229,6129.86987,761.6157562,70.021951606,778.751653489,251.598085519,61.941252936,98.267818911,6.107923046,64921.7005238,10135.386852,1798.86868581,161.776440861
7.72924016,4940.3579,38.183944022,3576.05204,498.28486307,37.035516278,514.342761306,160.580078188,46.665470104,50.850437236,2.239872432,21435.0062388,5012.04459347,1202.40403061,84.864207804
6.32726176,2793.42848,15.60608784,1908.59904,245.975637312,17.627484352,268.624894368,76.934365872,24.865444016,23.628236736,1.09643896,8954.97539709,2871.33963176,598.865544928,38.893372736
9.32292176,3731.91184,25.44383328,2506.2288,266.331822368,22.01553672,224.44027032,85.776366464,23.985482432,28.785845744,1.418201312,16231.7251122,3926.7087852,583.358793024,48.568968512
10.1833025,5416.7225,37.06338475,3496.85,484.379588,32.174415,399.579278,151.87176025,50.6992325,42.974589,1.98862125,18013.854383,5513.1530615,1065.092301,72.00116
15.04338264,7531.93188,92.083883562,5184.2835,526.447476522,41.69700018,505.37035593,160.0215507,44.138861712,48.702311262,3.585220056,56873.7894113,8437.62031913,1201.86642748,87.104667276
11.48094896,4512.9032,33.198949056,3317.67696,453.04773384,30.034988048,398.222428968,139.156217304,43.786404792,32.505378984,1.462149832,19611.5530857,5035.23246928,1017.71604438,60.32426972
21.98437516,8769.17998,75.702768812,6323.87162,743.701927562,54.271513043,568.900989954,231.612821836,64.394972653,60.225663399,4.296254688,40189.356014,10014.2180915,1575.77805976,111.052684666
9.04712045,7582.09626,67.435884727,5075.92468,522.392126472,40.028275762,486.958940145,161.42553159,46.656119376,45.893670982,2.849511788,43656.1996741,7912.465573,1190.75205733,82.795060575
9.08165973,5481.68907,54.688161099,3716.99757,431.81443734,30.986682441,429.785227872,142.634812749,44.23059927,45.052202481,2.13806307,36628.7544763,5676.68989559,1044.27328477,74.039396574
9.04533673,5471.64641,58.49423572,4183.66665,459.519205631,34.865702806,424.599081145,151.21970816,43.462740947,39.723064503,2.525392709,40623.2782284,5088.78444903,1062.70597754,72.317115683
7.5085413,5940.24353,73.229861861,4312.24482,603.213934999,45.479716854,389.947711322,190.32430053,47.584174989,51.120307589,3.370347682,49682.5514352,6079.2452286,1217.43970838,93.846892633
6.8117478,4276.48585,35.694257625,3182.8108,347.805478865,24.814771085,396.19302567,110.346818595,30.29663,30.1900924,1.668145765,20605.762988,4339.36251041,874.170472305,52.55666273
11.06820204,7526.1012,98.113431396,4688.27772,657.973885452,51.644474684,548.883854104,197.024123176,56.059557232,55.293137752,4.169736252,66778.512272,7849.08141636,1412.83470098,101.854156864
22.71034962,7369.60032,63.82708146,5139.59148,589.653098172,45.023777802,436.221190854,186.82742232,45.493187112,51.126098832,3.913590006,36111.4669309,7933.12254709,1251.32767936,94.151426274
7.55304528,7399.64148,87.316885128,5293.82568,647.33335524,54.307455444,476.415303936,208.891627956,51.468648396,56.975008068,4.539078984,62006.0809302,7483.23623111,1351.7385024,107.455457076
20.97044067,10568.24987,120.041595151,6701.89341,1031.79111222,81.482992416,859.825979069,327.401749093,85.899223721,92.577304887,6.350036173,83561.7195409,11753.7364845,2265.59934947,169.043433475
18.11102514,7361.07996,71.98187022,5183.40654,610.298784732,49.063649544,407.524514124,193.751880426,49.61684286,59.850919206,3.745301664,49109.7297068,8041.16662752,1240.75007074,105.503209968
5.88188448,3924.35298,30.773191464,2561.3802,286.374781476,21.197876364,216.257330286,99.571730922,28.036363356,30.36297249,1.29661578,18758.0931104,3931.9508565,615.251354166,49.290775884
18.35493686,9571.9011,88.422509067,5476.8358,871.506772526,65.175602175,885.563398207,283.005440725,79.453059905,83.66997224,5.137925181,56842.0551025,9913.22228045,2068.32251771,143.176044438
22.20292747,8796.35013,99.094255691,6666.67535,731.13443819,64.374759668,635.373215063,218.592504396,53.13202954,65.862175793,4.832653129,64740.4443548,10616.6524247,1616.07228037,127.383537389
14.3618343,7836.7212,124.50234093,5501.61975,666.52246749,59.23913655,475.272719625,202.215669645,53.44171899,66.754541205,5.186888685,95624.7905164,8217.29855875,1378.81017945,122.89383744
8.44738608,7510.48032,69.068743408,4887.652,650.301971648,51.236811584,480.708064368,202.40338216,58.400712944,59.807848912,4.202365104,47976.0875496,7590.12543453,1371.90501067,107.493051344
11.9528011,5857.4374,52.26350727,3729.7943,477.48624648,36.07818558,357.72698481,159.34454938,42.98746263,50.07441414,2.38559629,33706.7912649,6156.69973078,1009.69879419,81.31396616
7.73408874,7809.55799,96.515812563,5756.79439,714.296527368,62.011271463,417.751882696,208.312940743,56.348964574,61.536720819,4.091338981,74437.7106315,7668.16997265,1361.67537639,119.03613864
15.53304259,6396.45201,60.493957446,4241.23973,554.779314804,44.183528948,300.291303689,180.364642159,46.993061999,57.030732577,2.866558123,41982.6907402,6267.24032498,1065.76609977,97.304270375
9.06464554,6548.30326,56.090764278,4083.86573,569.205343734,44.734420216,460.453473439,181.271733662,47.931545197,54.575145578,3.139822137,37487.9023561,6405.63537272,1225.25750755,94.203799346
19.08649635,7649.25228,73.920058743,5133.69358,627.474367945,50.794014733,482.497347026,205.102048826,54.151675025,64.231005855,3.191096114,43421.5093232,8029.69316634,1333.29349143,110.034200973
18.08092702,7263.03151,77.546247654,4881.27263,661.215146413,54.400750329,485.167394362,204.994343066,56.863382365,67.3646728,3.822367516,53820.6569569,7926.29336936,1373.33838928,117.088999537
19.88508834,8084.33054,71.838793962,5272.08708,816.601311344,62.387754832,667.735331302,241.644743444,75.91550369,77.706946824,5.034217188,38501.3360171,8777.53858368,1748.09540342,132.805821018
6.98989066,2336.09083,13.204148015,1727.09281,151.141400335,10.61270959,95.182074792,45.95137816,15.143990527,13.050779616,0.483761813,6141.05131742,2668.0781085,298.748054682,22.443335299
19.98386808,9690.16422,102.328621872,6206.09448,747.243647556,66.40002903,678.049961556,244.045825704,60.47131893,89.57838975,5.831777976,63565.6514234,10452.1519142,1674.61827294,149.757388218
10.12362434,5015.23948,38.549037384,3641.80172,493.905386468,36.042878748,459.258957868,156.541221456,45.33714393,47.11329848,2.171200544,21590.7202928,5182.35672012,1133.79259578,79.949419224
6.36846503,2853.78898,15.771800269,1918.67491,237.868338978,16.775196862,238.891297097,72.868055485,23.764877456,21.616857365,1.035755379,8818.68930799,2954.17571494,557.95687964,36.263504253
9.2856643,3756.9097,25.59711134,2564.8733,260.19012424,20.8132548,199.1623494,82.35587465,23.1586737,26.22168355,1.37071717,15574.2014547,4072.94598144,545.16350819,44.71607842
12.08464488,5377.74336,35.94668352,3571.58208,478.505764704,31.681834272,351.778597368,146.672348328,49.840545216,40.8720378,1.924817928,16580.3585455,5676.03649721,1004.04794134,69.514462512
19.38297136,7631.83696,89.970166784,5289.29056,511.581667856,40.483042032,431.2973544,154.020249664,42.358871264,46.021948192,3.357905856,53661.5012182,8751.45611582,1108.42690435,83.35368928
11.5919215,4434.37975,32.862619975,3396.25125,449.7677864,29.8093824,344.0148375,135.545850625,42.9249192,30.704113625,1.394080275,18979.7073672,5170.68779113,956.987667925,58.7241876
21.97867542,8810.19036,75.368077998,6464.3163,740.589515712,53.765561436,496.583805615,228.575006835,63.639292704,57.342580623,4.177235343,39028.4409951,10388.3610462,1490.06351755,107.46852723
13.36556715,7645.79322,66.851149326,5227.00971,515.694446631,39.082825821,424.145742657,156.769492542,46.289635002,43.395572454,2.685829926,42174.5726576,8216.10077812,1121.59653676,79.690571454
9.6687039,5608.03402,54.886473534,3737.45096,422.363908856,30.140535806,378.76149079,138.379307552,43.34012777,42.102793732,2.056898334,36371.5937989,5790.55184321,974.495384384,70.030951758
11.19282424,5648.56669,59.098837616,4263.0692,456.321194758,34.074621412,377.840811894,148.925107045,43.028200527,37.554465026,2.387091993,39880.521206,5321.43055106,1010.75760743,69.478277323
7.72218786,5997.72664,72.129551506,4406.44618,595.146239944,44.23208586,340.765247794,185.738480336,46.220382758,47.976302192,3.277394806,47964.0798722,6234.1068747,1157.50039169,89.810215884
7.87878845,4323.09605,35.627671625,3262.714,339.467247015,23.989770545,343.01544849,106.35515436,29.30316688,28.110112225,1.59040661,20095.7193884,4483.94884899,806.31251324,49.85127355
16.38494802,7505.45238,98.421084592,4787.2864,642.649008864,49.76246118,466.349822128,191.445654558,54.46573991,51.209464526,3.941685908,66104.5563121,8045.37819094,1311.66652931,96.33608327
22.7079229,7523.16355,63.545688345,5230.2221,582.94927933,43.91725377,372.51615085,183.273979505,44.46041158,47.739745735,3.774669915,35481.2498415,8228.2166179,1172.20225993,89.32353516
8.38145585,7572.59655,87.911570313,5394.25478,640.05315326,52.717265419,412.285347305,205.99415035,49.856134833,52.984746822,4.372581809,61411.8036491,7743.35678924,1275.94458596,102.030906687
21.857552,10665.583,120.795247275,6796.01925,1009.2712103,78.454386725,748.89750865,318.8094408,83.563464175,85.73386645,6.0346395,83429.7521046,12054.4888067,2133.74481663,159.863741525
18.04748792,7413.28808,74.092341312,5292.38072,601.959239288,47.524392344,360.253665728,189.083834984,47.702370584,55.322311176,3.634711168,49921.7931021,8364.20554658,1170.33027681,98.987294824
6.27215816,3984.13432,30.936232316,2615.83236,281.287182372,20.381328836,190.62463586,96.603047388,27.42509782,27.990866128,1.244345216,18479.0333,4052.2334212,580.96163568,46.215294532
18.83737536,9607.11168,87.753327744,5539.6656,857.45355984,62.638920864,759.05729088,275.30881872,77.646013152,76.64209008,4.838225856,55356.2960817,10160.9259934,1919.06301629,133.67175408
22.23060604,8793.38548,99.664267644,6837.60474,712.769797778,61.204953058,539.048260054,210.30287564,50.8319924,60.408300404,4.544367916,64090.7435433,11096.3807651,1518.53773253,119.174172146
20.79090915,7880.6244,125.672086815,5652.537,657.45700548,56.92159638,406.69784199,198.852684525,52.30846764,61.85631606,4.931152545,96575.1897031,8495.10758134,1294.00511196,115.72938399
9.72721548,7586.77104,67.717009692,4994.37036,644.697294984,49.580107344,412.931088216,198.482930496,57.190745736,54.802740996,4.013523756,46400.6160161,7745.83830821,1288.04151424,100.662080508
11.725145,5802.663,52.58273932,3813.6676,465.62895824,34.55956534,310.79935995,153.91743336,41.4368336,45.445635,2.29847076,33150.4081438,6320.8784633,934.90623386,74.83809155
13.48795372,8054.13172,97.15975615,5853.43381,708.349413372,59.864115095,371.105288522,202.282174683,55.038277401,56.727592285,3.87914515,74124.5258566,8017.28799181,1302.16593414,112.361175074
16.30479158,6306.39232,61.332600468,4358.70666,542.609920134,42.16770902,265.719253372,174.222893308,45.334742344,51.90928213,2.808524984,41882.7460453,6434.90581927,997.633736958,89.597104478
10.5264861,6533.89581,56.147280267,4183.60345,553.174318983,42.328931502,398.728136989,172.756246741,46.450040429,49.265615932,3.005342925,36581.4186009,6582.77462428,1132.90112819,86.571731818
19.14534648,7656.6732,73.270332696,5238.7764,614.53289492,48.198208272,416.911595192,198.727670688,53.0655078,58.596629904,3.059738496,42094.5892638,8303.09107098,1248.71718502,102.096791424
19.42537226,7196.47498,77.48819432,4972.43316,647.608761594,51.67842229,416.4468317,198.959092996,55.088249444,61.090718356,3.65711572,53122.8659095,8151.34678358,1275.09094454,107.796707486
19.6374409,8012.63232,71.222471012,5360.30264,805.500235925,60.202551255,570.830266853,235.967153037,74.558285648,71.284374161,4.754486429,37377.9254116,9012.45952407,1625.20782416,124.037217612
7.0291399,2314.54112,13.28943016,1782.2606,148.055664844,10.214591054,83.79102402,44.248495612,14.83112554,12.009719096,0.45715384,6006.97724123,2791.61543858,281.716818034,21.05105519
24.1356476,9693.276,101.67972186,6364.6416,736.04092868,63.12761236,575.23770998,237.6315756,59.26188512,81.10833452,5.54437098,62242.2830929,10777.0760076,1559.30549072,138.87568718
10.86878738,5055.41984,38.80692224,3709.37778,490.012457498,35.103754152,405.87825378,153.475642626,44.35911744,43.410130392,2.098693258,21712.3718118,5367.26710212,1073.94011417,75.715870384
6.3859026,2775.2076,15.84016467,1978.1124,231.68495229,16.04474025,210.47207346,69.43485318,22.99802472,19.71503457,0.97123125,8655.61024911,3046.75535637,518.02147551,33.68239116
9.351825,3765.6682,25.713528638,2621.00482,253.880103134,19.604168402,176.041746384,79.100853125,22.534282211,23.770094712,1.306886371,14883.3152705,4229.12058164,509.952897503,40.995532907
