<?xml version="1.0" encoding="UTF-8"?><MD_Metadata xmlns:xlink="http://www.w3.org/1999/xlink" xmlns:srv="http://www.isotc211.org/2005/srv" xmlns:gts="http://www.isotc211.org/2005/gts" xmlns:xalan="http://xml.apache.org/xalan" xmlns:gco="http://www.isotc211.org/2005/gco" xmlns:gml="http://www.opengis.net/gml" xmlns:xsi="http://www.w3.org/2001/XMLSchema-instance" xmlns="http://www.isotc211.org/2005/gmd">
<fileIdentifier>
<gco:CharacterString>6cc1262e-2af3-40ea-ba85-678455e6035f</gco:CharacterString>
</fileIdentifier>
<language>
<LanguageCode codeList="http://www.loc.gov/standards/iso639-2/php/code_list.php" codeListValue="eng" codeSpace="ISO639-2">eng</LanguageCode>
</language>
<characterSet>
<MD_CharacterSetCode codeList="http://www.isotc211.org/2005/resources/Codelist/gmxCodelists.xml#MD_CharacterSetCode" codeListValue="utf8" codeSpace="ISOTC211/19115">utf8</MD_CharacterSetCode>
</characterSet>
<hierarchyLevel>
<MD_ScopeCode codeList="http://www.isotc211.org/2005/resources/Codelist/gmxCodelists.xml#MD_ScopeCode" codeListValue="dataset" codeSpace="ISOTC211/19115">dataset</MD_ScopeCode>
</hierarchyLevel>
<contact>
<CI_ResponsibleParty>
<organisationName>
<gco:CharacterString>LIO Support</gco:CharacterString>
</organisationName>
<contactInfo>
<CI_Contact>
<phone>
<CI_Telephone>
<voice>
<gco:CharacterString>1 (705) 7551878</gco:CharacterString>
</voice>
</CI_Telephone>
</phone>
<address>
<CI_Address>
<deliveryPoint>
<gco:CharacterString>300 Water ST</gco:CharacterString>
</deliveryPoint>
<city>
<gco:CharacterString>Peterborough</gco:CharacterString>
</city>
<administrativeArea>
<gco:CharacterString>Ontario</gco:CharacterString>
</administrativeArea>
<postalCode>
<gco:CharacterString>K9J8M5</gco:CharacterString>
</postalCode>
<country>
<Country codeList="http://www.iso.org/iso/country_codes/iso_3166_code_lists.htm" codeListValue="CA" codeSpace="ISO3166-1">CA</Country>
</country>
<electronicMailAddress>
<gco:CharacterString>lio@ontario.ca</gco:CharacterString>
</electronicMailAddress>
</CI_Address>
</address>
</CI_Contact>
</contactInfo>
<role>
<CI_RoleCode codeList="http://www.isotc211.org/2005/resources/Codelist/gmxCodelists.xml#CI_RoleCode" codeListValue="pointOfContact" codeSpace="ISOTC211/19115">pointOfContact</CI_RoleCode>
</role>
</CI_ResponsibleParty>
</contact>
<dateStamp>
<gco:Date>2018-07-20</gco:Date>
</dateStamp>
<metadataStandardName>
<gco:CharacterString>NAP - Metadata</gco:CharacterString>
</metadataStandardName>
<metadataStandardVersion>
<gco:CharacterString>1.2</gco:CharacterString>
</metadataStandardVersion>
<locale>
<PT_Locale>
<languageCode>
<LanguageCode codeList="http://www.loc.gov/standards/iso639-2/php/code_list.php" codeListValue="fre" codeSpace="ISO639-2">fre</LanguageCode>
</languageCode>
<country>
<Country codeList="http://www.iso.org/iso/country_codes/iso_3166_code_lists.htm" codeListValue="CA" codeSpace="ISO3166-1">CA</Country>
</country>
<characterEncoding>
<MD_CharacterSetCode codeList="http://www.isotc211.org/2005/resources/Codelist/gmxCodelists.xml#MD_CharacterSetCode" codeListValue="utf8" codeSpace="ISOTC211/19115">utf8</MD_CharacterSetCode>
</characterEncoding>
</PT_Locale>
</locale>
<referenceSystemInfo>
<MD_ReferenceSystem>
<referenceSystemIdentifier>
<RS_Identifier>
<code>
<gco:CharacterString>Grid CS = Universal Transverse Mercator; Map Proj = Transverse Mercator; Horiz. Datum = NAD83; Vert. Datum = Not Applicable</gco:CharacterString>
</code>
</RS_Identifier>
</referenceSystemIdentifier>
</MD_ReferenceSystem>
</referenceSystemInfo>
<identificationInfo>
<MD_DataIdentification>
<citation>
<CI_Citation>
<title>
<gco:CharacterString>National Wildlife Area</gco:CharacterString>
</title>
<date>
<CI_Date>
<date>
<gco:Date>1998-01-01</gco:Date>
</date>
<dateType>
<CI_DateTypeCode codeList="http://www.isotc211.org/2005/resources/Codelist/gmxCodelists.xml#CI_DateTypeCode" codeListValue="creation" codeSpace="ISOTC211/19115">creation</CI_DateTypeCode>
</dateType>
</CI_Date>
</date>
<date>
<CI_Date>
<date>
<gco:Date>2005-09-08</gco:Date>
</date>
<dateType>
<CI_DateTypeCode codeList="http://www.isotc211.org/2005/resources/Codelist/gmxCodelists.xml#CI_DateTypeCode" codeListValue="revision" codeSpace="ISOTC211/19115">revision</CI_DateTypeCode>
</dateType>
</CI_Date>
</date>
<identifier>
<MD_Identifier>
<authority>
<CI_Citation>
<title>
<gco:CharacterString>LIO Metadata Management Tool UUID</gco:CharacterString>
</title>
<date>
<CI_Date>
<date>
<gco:DateTime>2019-04-11T14:52:03.739832</gco:DateTime>
</date>
<dateType>
<CI_DateTypeCode codeList="http://www.isotc211.org/2005/resources/Codelist/gmxCodelists.xml#CI_DateTypeCode" codeListValue="publication" codeSpace="ISOTC211/19115">publication</CI_DateTypeCode>
</dateType>
</CI_Date>
</date>
<citedResponsibleParty gco:nilReason="missing"/>
</CI_Citation>
</authority>
<code>
<gco:CharacterString>6cc1262e-2af3-40ea-ba85-678455e6035f</gco:CharacterString>
</code>
</MD_Identifier>
</identifier>
<identifier>
<MD_Identifier>
<authority>
<CI_Citation>
<title>
<gco:CharacterString>LIO Concrete Class Short Name</gco:CharacterString>
</title>
<date>
<CI_Date>
<date>
<gco:DateTime>2019-04-11T14:52:03.749847</gco:DateTime>
</date>
<dateType>
<CI_DateTypeCode codeList="http://www.isotc211.org/2005/resources/Codelist/gmxCodelists.xml#CI_DateTypeCode" codeListValue="publication" codeSpace="ISOTC211/19115">publication</CI_DateTypeCode>
</dateType>
</CI_Date>
</date>
<citedResponsibleParty gco:nilReason="missing"/>
</CI_Citation>
</authority>
<code>
<gco:CharacterString>NATWLD</gco:CharacterString>
</code>
</MD_Identifier>
</identifier>
<citedResponsibleParty gco:nilReason="missing"/>
</CI_Citation>
</citation>
<abstract>
<gco:CharacterString>


National Wildlife Areas are lands designated by Order-in-Council under the Canada Wildlife Act (1973). Most are on Crown Lands and are dedicated to providing or enhancing habitat for waterfowl, upland game birds, or game mammals.     Additional Documentation  

National Wildlife Area - Data Description (PDF)

National Wildlife Area - Documentation (Word)

   Status  On going: Data is continually being updated     Maintenance and Update Frequency  As needed: Data is updated as deemed necessary     Contact  Carla Jordan, Mapping and Information Resources Branch, carla.jordan@ontario.ca</gco:CharacterString>
</abstract>
<purpose>
<gco:CharacterString>To identify the location and types of National Wildlife Area which are commonly found on maps for resource management purposes.</gco:CharacterString>
</purpose>
<credit>
<gco:CharacterString>https://www.ontario.ca/page/open-government-licence-ontario</gco:CharacterString>
</credit>
<status gco:nilReason="missing"/>
<pointOfContact>
<CI_ResponsibleParty>
<organisationName>
<gco:CharacterString>LIO Support</gco:CharacterString>
</organisationName>
<contactInfo>
<CI_Contact>
<phone>
<CI_Telephone>
<voice>
<gco:CharacterString>1 (705) 7551878</gco:CharacterString>
</voice>
</CI_Telephone>
</phone>
<address>
<CI_Address>
<deliveryPoint>
<gco:CharacterString>300 Water ST</gco:CharacterString>
</deliveryPoint>
<city>
<gco:CharacterString>Peterborough</gco:CharacterString>
</city>
<administrativeArea>
<gco:CharacterString>Ontario</gco:CharacterString>
</administrativeArea>
<postalCode>
<gco:CharacterString>K9J8M5</gco:CharacterString>
</postalCode>
<country>
<Country codeList="http://www.iso.org/iso/country_codes/iso_3166_code_lists.htm" codeListValue="CA" codeSpace="ISO3166-1">CA</Country>
</country>
<electronicMailAddress>
<gco:CharacterString>lio@ontario.ca</gco:CharacterString>
</electronicMailAddress>
</CI_Address>
</address>
</CI_Contact>
</contactInfo>
<role>
<CI_RoleCode codeList="http://www.isotc211.org/2005/resources/Codelist/gmxCodelists.xml#CI_RoleCode" codeListValue="pointOfContact" codeSpace="ISOTC211/19115">pointOfContact</CI_RoleCode>
</role>
</CI_ResponsibleParty>
</pointOfContact>
<descriptiveKeywords>
<MD_Keywords>
<keyword>
<gco:CharacterString>WILDLIFE</gco:CharacterString>
</keyword>
<keyword>
<gco:CharacterString>LANDS</gco:CharacterString>
</keyword>
<type>
<MD_KeywordTypeCode codeList="http://www.isotc211.org/2005/resources/Codelist/gmxCodelists.xml#MD_KeywordTypeCode" codeListValue="theme" codeSpace="ISOTC211/19115">theme</MD_KeywordTypeCode>
</type>
<thesaurusName>
<CI_Citation>
<title>
<gco:CharacterString>external</gco:CharacterString>
</title>
<date gco:nilReason="missing"/>
<citedResponsibleParty gco:nilReason="missing"/>
</CI_Citation>
</thesaurusName>
</MD_Keywords>
</descriptiveKeywords>
<descriptiveKeywords>
<MD_Keywords>
<keyword>
<gco:CharacterString>WILDLIFE</gco:CharacterString>
</keyword>
<keyword>
<gco:CharacterString>LANDS</gco:CharacterString>
</keyword>
<type>
<MD_KeywordTypeCode codeList="http://www.isotc211.org/2005/resources/Codelist/gmxCodelists.xml#MD_KeywordTypeCode" codeListValue="theme" codeSpace="ISOTC211/19115">theme</MD_KeywordTypeCode>
</type>
<thesaurusName>
<CI_Citation>
<title>
<gco:CharacterString>external</gco:CharacterString>
</title>
<date gco:nilReason="missing"/>
<citedResponsibleParty gco:nilReason="missing"/>
</CI_Citation>
</thesaurusName>
</MD_Keywords>
</descriptiveKeywords>
<resourceConstraints>
<MD_Constraints>
<useLimitation>
<gco:CharacterString>Use LimitationOpen Government Licence – Ontario You are encouraged to use the Information that is available under this licence with only a few conditions.Using Information under this licence1. Use of any Information indicates your acceptance of the terms below.2. The Information Provider grants you a worldwide, royalty-free, perpetual, non-exclusive licence to use the Information, including for commercial purposes, subject to the terms below.You are free to:3. Copy, modify, publish, translate, adapt, distribute or otherwise use the Information in any medium, mode or format for any lawful purpose. You must, where you do any of the above:4. Acknowledge the source of the Information by including any attribution statement specified by the Information Provider(s) and, where possible, provide a link to this licence. If the Information Provider does not provide a specific attribution statement, or if you are using Information from several Information Providers and multiple attributions are not practical for your product or application, you must use the following attribution statement: Contains information licensed under the Open Government Licence – Ontario.5. The terms of this licence are important, and if you fail to comply with any of them, the rights granted to you under this licence, or any similar licence granted by the Information Provider, will end automatically.Exemptions6. This licence does not grant you any right to use: a) Personal Information; b) Information or Records not accessible under the Freedom of Information and Protection of Privacy Act (Ontario); c) third party rights the Information Provider is not authorized to license; d) the names, crests, logos, or other official symbols of the Information Provider; and e) Information subject to other intellectual property rights, including patents, trade-marks and official marks.Non-endorsement7. This licence does not grant you any right to use the Information in a way that suggests any official status or that the Information Provider endorses you or your use of the Information.No warranty8. The Information is licensed “as is”, and the Information Provider excludes all representations, warranties, obligations, and liabilities, whether express or implied, to the maximum extent permitted by law.9. The Information Provider is not liable for any errors or omissions in the Information, and will not under any circumstances be liable for any direct, indirect, special, incidental, consequential, or other loss, injury or damage caused by its use or otherwise arising in connection with this licence or the Information, even if specifically advised of the possibility of such loss, injury or damage.Governing Law10. This licence is governed by the laws of the Province of Ontario and the applicable laws of Canada.11. Legal proceedings related to this licence may only be brought in the courts of Ontario.Definitions12. In this licence, the terms below have the following meanings: &amp;quot;Information&amp;quot; means information resources or Records protected by copyright or other information or Records that are offered for use under the terms of this licence. &amp;quot;Information Provider&amp;quot; means Her Majesty the Queen in right of Ontario. “Personal Information” has the meaning set out in section 2(1) of the Freedom of Information and Protection of Privacy Act (Ontario). “Records” has the meaning of “record” as set out in the Freedom of Information and Protection of Privacy Act (Ontario). &amp;quot;You&amp;quot; means the natural or legal person, or body of persons corporate or incorporate, acquiring rights under this licence.Versioning13. This is version 1.0 of the Open Government Licence – Ontario. The Information Provider may make changes to the terms of this licence from time to time and issue a new version of the licence. Your use of the Information will be governed by the terms of the licence in force as of the date you accessed the information.</gco:CharacterString>
</useLimitation>
</MD_Constraints>
</resourceConstraints>
<resourceConstraints>
<MD_LegalConstraints>
<useLimitation>
<gco:CharacterString>Open Government Licence – Ontario - You are encouraged to use the Information that is available under this licence with only a few conditions. Using Information under this licence - 1. Use of any Information indicates your acceptance of the terms below. 2. The Information Provider grants you a worldwide, royalty-free, perpetual, non-exclusive licence to use the Information, including for commercial purposes, subject to the terms below. You are freeto: 3. Copy, modify, publish, translate, adapt, distribute or otherwise use the Information in any medium, mode or format for any lawful purpose. You must, where you do any of the above: 4. Acknowledge the source of the Information by including any attribution statement specified by the Information Provider(s) and, where possible, provide a link to this licence. If the Information Provider does not provide a specific attribution statement, or if you areusing Information from several Information Providers and multiple attributions are not practical for your product or application, you must use the followingattribution statement: Contains information licensed under the Open Government Licence – Ontario. 5. The terms of this licence are important, and if you fail to comply with any of them, the rights granted to you under this licence, or any similar licence granted by the Information Provider, will end automatically. Exemptions 6. This licence does not grant you any right to use: a) Personal Information; b) Information or Records not accessible under the Freedom of Information and Protection of Privacy Act (Ontario); c) third party rights the Information Provider is not authorized to license; d) the names, crests, logos, or other official symbols of the Information Provider; and e) Information subject to other intellectual property rights,including patents, trade-marks and official marks. Non-endorsement 7. This licence does not grant you any right to use the Information in a way that suggests any official status or that the Information Provider endorses you or your use of the Information. No warranty 8. The Information is licensed “as is”, and the Information Provider excludes all representations, warranties, obligations, and liabilities, whether express or implied, to the maximumextent permitted by law. 9. The Information Provider is not liable for any errors or omissions in the Information, and will not under any circumstancesbe liable for any direct, indirect, special, incidental, consequential, or other loss, injury or damage caused by its use or otherwise arising in connectionwith this licence or the Information, even if specifically advised of the possibility of such loss, injury or damage. Governing Law 10. This licenceis governed by the laws of the Province of Ontario and the applicable laws of Canada. 11. Legal proceedings related to this licence may only be broughtin the courts of Ontario. Definitions 12. In this licence, the terms below have the following meanings: "Information" means information resources orRecords protected by copyright or other information or Records that are offered for use under the terms of this licence. "Information Provider" means Her Majesty the Queen in right of Ontario. “Personal Information” has the meaning set out in section 2(1) of the Freedom of Information and Protectionof Privacy Act (Ontario). “Records” has the meaning of “record” as set out in the Freedom of Information and Protection of Privacy Act (Ontario). "You" means the natural or legal person, or body of persons corporate or incorporate, acquiring rights under this licence. Versioning 13. This is version 1.0of the Open Government Licence – Ontario. The Information Provider may make changes to the terms of this licence from time to time and issue a new version ofthe licence. Your use of the Information will be governed by the terms of the licence in force as of the date you accessed the information.</gco:CharacterString>
</useLimitation>
<otherConstraints>
<gco:CharacterString>Some datasets may contain highly sensitive information and may not be available for public distribution.</gco:CharacterString>
</otherConstraints>
</MD_LegalConstraints>
</resourceConstraints>
<language gco:nilReason="missing"/>
<characterSet>
<MD_CharacterSetCode codeList="http://www.isotc211.org/2005/resources/Codelist/gmxCodelists.xml#MD_CharacterSetCode" codeListValue="utf8" codeSpace="ISOTC211/19115">utf8</MD_CharacterSetCode>
</characterSet>
<environmentDescription>
<gco:CharacterString>Spatial locations and attributes are maintained by the OMNR's Natural Resources Values Information System (NRVIS).; Natural Resources Values Information System (NRVIS)</gco:CharacterString>
</environmentDescription>
<extent>
<EX_Extent>
<geographicElement>
<EX_GeographicBoundingBox>
<westBoundLongitude>
<gco:Decimal>-95.1569900512695</gco:Decimal>
</westBoundLongitude>
<eastBoundLongitude>
<gco:Decimal>-74.3079833984375</gco:Decimal>
</eastBoundLongitude>
<southBoundLatitude>
<gco:Decimal>41.6722984313965</gco:Decimal>
</southBoundLatitude>
<northBoundLatitude>
<gco:Decimal>56.8501167297363</gco:Decimal>
</northBoundLatitude>
</EX_GeographicBoundingBox>
</geographicElement>
</EX_Extent>
</extent>
</MD_DataIdentification>
</identificationInfo>
<distributionInfo>
<MD_Distribution>
<distributionFormat>
<MD_Format>
<name>
<gco:CharacterString>Unavailable</gco:CharacterString>
</name>
<version>
<gco:CharacterString>Unavailable</gco:CharacterString>
</version>
</MD_Format>
</distributionFormat>
<distributor>
<MD_Distributor>
<distributorContact>
<CI_ResponsibleParty>
<organisationName>
<gco:CharacterString>LIO Support</gco:CharacterString>
</organisationName>
<contactInfo>
<CI_Contact>
<phone>
<CI_Telephone>
<voice>
<gco:CharacterString>1 (705) 7551878</gco:CharacterString>
</voice>
</CI_Telephone>
</phone>
<address>
<CI_Address>
<deliveryPoint>
<gco:CharacterString>300 Water ST</gco:CharacterString>
</deliveryPoint>
<city>
<gco:CharacterString>Peterborough</gco:CharacterString>
</city>
<administrativeArea>
<gco:CharacterString>Ontario</gco:CharacterString>
</administrativeArea>
<postalCode>
<gco:CharacterString>K9J8M5</gco:CharacterString>
</postalCode>
<country>
<Country codeList="http://www.iso.org/iso/country_codes/iso_3166_code_lists.htm" codeListValue="CA" codeSpace="ISO3166-1">CA</Country>
</country>
<electronicMailAddress>
<gco:CharacterString>lio@ontario.ca</gco:CharacterString>
</electronicMailAddress>
</CI_Address>
</address>
</CI_Contact>
</contactInfo>
<role>
<CI_RoleCode codeList="http://www.isotc211.org/2005/resources/Codelist/gmxCodelists.xml#CI_RoleCode" codeListValue="pointOfContact" codeSpace="ISOTC211/19115">pointOfContact</CI_RoleCode>
</role>
</CI_ResponsibleParty>
</distributorContact>
<distributionOrderProcess>
<MD_StandardOrderProcess>
<fees>
<gco:CharacterString>Online Distribution: Free of charge.Ad-hoc Data Requests: Please contact the Distribution/Publisher contact for specific details.</gco:CharacterString>
</fees>
<orderingInstructions>
<gco:CharacterString>Depending on any sensitivity or security issues associated with this information holding, all, some or none of the information may be available for viewing or distribution. All data requests are channeled through the Ministry of Natural Resources' Information Access Services.Information Access Services, (IAS) is responsible for providing access to a number of MNR products and services to support Ministry Goals and Objectives. IAS develops and administers policy relating to access, valuing and pricing of MNR information and protection of intellectual property. Signed Licenses and Agreements may be required.Refer to the Distribution Contact details for information on how to contact Information Access Services with your request.Some information holdings may be available for internet/online viewing - Free of charge, through the Ontario Land Information Warehouse. Follow the link provided under 'On-Line Distribution Browsing' to find out if this information holding is available for online viewing.</gco:CharacterString>
</orderingInstructions>
</MD_StandardOrderProcess>
</distributionOrderProcess>
</MD_Distributor>
</distributor>
<transferOptions>
<MD_DigitalTransferOptions>
<unitsOfDistribution>
<gco:CharacterString>Metadata Link for SOAP, REST and WMS web service linkages</gco:CharacterString>
</unitsOfDistribution>
</MD_DigitalTransferOptions>
</transferOptions>
<transferOptions>
<MD_DigitalTransferOptions>
<unitsOfDistribution>
<gco:CharacterString>Shape file - refer here for refresh date: https://www.sse.gov.on.ca/sites/MNR-PublicDocs/EN/CMID/DataDistributionCatalogue.xlsx</gco:CharacterString>
</unitsOfDistribution>
</MD_DigitalTransferOptions>
</transferOptions>
<transferOptions>
<MD_DigitalTransferOptions>
<unitsOfDistribution>
<gco:CharacterString>Documentation</gco:CharacterString>
</unitsOfDistribution>
</MD_DigitalTransferOptions>
</transferOptions>
</MD_Distribution>
</distributionInfo>
<dataQualityInfo>
<DQ_DataQuality>
<scope gco:nilReason="missing"/>
<report>
<DQ_RelativeInternalPositionalAccuracy>
<measureDescription>
<gco:CharacterString>Horizontal: Approximate: +/- 500 m; Vertical: Not Applicable</gco:CharacterString>
</measureDescription>
<result gco:nilReason="missing"/>
</DQ_RelativeInternalPositionalAccuracy>
</report>
<lineage>
<LI_Lineage>
<source>
<LI_Source>
<description>
<gco:CharacterString>A primary source for coincident base features (shorelines, streams, roads, cadastral boundaries etc...) as loaded into the Natural Resources Values Information System at the Ontario Ministry of Natural Resources District level.</gco:CharacterString>
</description>
<sourceCitation>
<CI_Citation>
<title>
<gco:CharacterString>Natural Resources Values Information System</gco:CharacterString>
</title>
<date gco:nilReason="missing"/>
<citedResponsibleParty gco:nilReason="missing"/>
</CI_Citation>
</sourceCitation>
</LI_Source>
</source>
</LI_Lineage>
</lineage>
</DQ_DataQuality>
</dataQualityInfo>
</MD_Metadata>
