<?xml version="1.0" encoding="UTF-8"?><MD_Metadata xmlns:xlink="http://www.w3.org/1999/xlink" xmlns:srv="http://www.isotc211.org/2005/srv" xmlns:gts="http://www.isotc211.org/2005/gts" xmlns:xalan="http://xml.apache.org/xalan" xmlns:gco="http://www.isotc211.org/2005/gco" xmlns:gml="http://www.opengis.net/gml" xmlns:xsi="http://www.w3.org/2001/XMLSchema-instance" xmlns="http://www.isotc211.org/2005/gmd">
<fileIdentifier>
<gco:CharacterString>df35f8a4-7c31-4be4-8d62-4ba354e941df</gco:CharacterString>
</fileIdentifier>
<language>
<LanguageCode codeList="http://www.loc.gov/standards/iso639-2/php/code_list.php" codeListValue="eng" codeSpace="ISO639-2">eng</LanguageCode>
</language>
<characterSet>
<MD_CharacterSetCode codeList="http://www.isotc211.org/2005/resources/Codelist/gmxCodelists.xml#MD_CharacterSetCode" codeListValue="utf8" codeSpace="ISOTC211/19115">utf8</MD_CharacterSetCode>
</characterSet>
<hierarchyLevel>
<MD_ScopeCode codeList="http://www.isotc211.org/2005/resources/Codelist/gmxCodelists.xml#MD_ScopeCode" codeListValue="dataset" codeSpace="ISOTC211/19115">dataset</MD_ScopeCode>
</hierarchyLevel>
<contact>
<CI_ResponsibleParty>
<organisationName>
<gco:CharacterString>Office of the Surveyor General, Ontario Ministry of Natural Resources and Forestry</gco:CharacterString>
</organisationName>
<contactInfo>
<CI_Contact>
<address>
<CI_Address>
<electronicMailAddress>
<gco:CharacterString>carla.jordan@ontario.ca</gco:CharacterString>
</electronicMailAddress>
</CI_Address>
</address>
</CI_Contact>
</contactInfo>
<role>
<CI_RoleCode codeList="http://www.isotc211.org/2005/resources/Codelist/gmxCodelists.xml#CI_RoleCode" codeListValue="pointOfContact" codeSpace="ISOTC211/19115">pointOfContact</CI_RoleCode>
</role>
</CI_ResponsibleParty>
</contact>
<dateStamp>
<gco:Date>2018-07-20</gco:Date>
</dateStamp>
<metadataStandardName>
<gco:CharacterString>NAP - Metadata</gco:CharacterString>
</metadataStandardName>
<metadataStandardVersion>
<gco:CharacterString>1.2</gco:CharacterString>
</metadataStandardVersion>
<locale>
<PT_Locale>
<languageCode>
<LanguageCode codeList="http://www.loc.gov/standards/iso639-2/php/code_list.php" codeListValue="fre" codeSpace="ISO639-2">fre</LanguageCode>
</languageCode>
<country>
<Country codeList="http://www.iso.org/iso/country_codes/iso_3166_code_lists.htm" codeListValue="CA" codeSpace="ISO3166-1">CA</Country>
</country>
<characterEncoding>
<MD_CharacterSetCode codeList="http://www.isotc211.org/2005/resources/Codelist/gmxCodelists.xml#MD_CharacterSetCode" codeListValue="utf8" codeSpace="ISOTC211/19115">utf8</MD_CharacterSetCode>
</characterEncoding>
</PT_Locale>
</locale>
<referenceSystemInfo>
<MD_ReferenceSystem>
<referenceSystemIdentifier>
<RS_Identifier>
<code>
<gco:CharacterString>Grid CS = Geographic (Lat, Long); Map Proj = Not Applicable; Horiz. Datum = NAD83; Vert. Datum = Not Applicable</gco:CharacterString>
</code>
</RS_Identifier>
</referenceSystemIdentifier>
</MD_ReferenceSystem>
</referenceSystemInfo>
<identificationInfo>
<MD_DataIdentification>
<citation>
<CI_Citation>
<title>
<gco:CharacterString>Federal protected areas</gco:CharacterString>
</title>
<alternateTitle>
<gco:CharacterString>FEDPAREA</gco:CharacterString>
</alternateTitle>
<date>
<CI_Date>
<date>
<gco:Date>2008-07-09</gco:Date>
</date>
<dateType>
<CI_DateTypeCode codeList="http://www.isotc211.org/2005/resources/Codelist/gmxCodelists.xml#CI_DateTypeCode" codeListValue="creation" codeSpace="ISOTC211/19115">creation</CI_DateTypeCode>
</dateType>
</CI_Date>
</date>
<date>
<CI_Date>
<date>
<gco:Date>2008-07-09</gco:Date>
</date>
<dateType>
<CI_DateTypeCode codeList="http://www.isotc211.org/2005/resources/Codelist/gmxCodelists.xml#CI_DateTypeCode" codeListValue="revision" codeSpace="ISOTC211/19115">revision</CI_DateTypeCode>
</dateType>
</CI_Date>
</date>
<identifier>
<MD_Identifier>
<authority>
<CI_Citation>
<title>
<gco:CharacterString>LIO Metadata Management Tool UUID</gco:CharacterString>
</title>
<date>
<CI_Date>
<date>
<gco:DateTime>2019-04-11T14:51:58.738144</gco:DateTime>
</date>
<dateType>
<CI_DateTypeCode codeList="http://www.isotc211.org/2005/resources/Codelist/gmxCodelists.xml#CI_DateTypeCode" codeListValue="publication" codeSpace="ISOTC211/19115">publication</CI_DateTypeCode>
</dateType>
</CI_Date>
</date>
<citedResponsibleParty gco:nilReason="missing"/>
</CI_Citation>
</authority>
<code>
<gco:CharacterString>df35f8a4-7c31-4be4-8d62-4ba354e941df</gco:CharacterString>
</code>
</MD_Identifier>
</identifier>
<identifier>
<MD_Identifier>
<authority>
<CI_Citation>
<title>
<gco:CharacterString>LIO Concrete Class Short Name</gco:CharacterString>
</title>
<date>
<CI_Date>
<date>
<gco:DateTime>2019-04-11T14:51:58.748138</gco:DateTime>
</date>
<dateType>
<CI_DateTypeCode codeList="http://www.isotc211.org/2005/resources/Codelist/gmxCodelists.xml#CI_DateTypeCode" codeListValue="publication" codeSpace="ISOTC211/19115">publication</CI_DateTypeCode>
</dateType>
</CI_Date>
</date>
<citedResponsibleParty gco:nilReason="missing"/>
</CI_Citation>
</authority>
<code>
<gco:CharacterString>FEDPAREA</gco:CharacterString>
</code>
</MD_Identifier>
</identifier>
<citedResponsibleParty>
<CI_ResponsibleParty>
<organisationName>
<gco:CharacterString>Office of the Surveyor General, Ontario Ministry of Natural Resources and Forestry</gco:CharacterString>
</organisationName>
<contactInfo>
<CI_Contact>
<address>
<CI_Address>
<deliveryPoint>
<gco:CharacterString>300 Water St. 2nd Floor</gco:CharacterString>
</deliveryPoint>
<city>
<gco:CharacterString>Peterborough</gco:CharacterString>
</city>
<administrativeArea>
<gco:CharacterString>Ontario</gco:CharacterString>
</administrativeArea>
<postalCode>
<gco:CharacterString>K9J 8M5</gco:CharacterString>
</postalCode>
<country>
<Country codeList="http://www.iso.org/iso/country_codes/iso_3166_code_lists.htm" codeListValue="CA" codeSpace="ISO3166-1">CA</Country>
</country>
<electronicMailAddress>
<gco:CharacterString>carla.jordan@ontario.ca</gco:CharacterString>
</electronicMailAddress>
</CI_Address>
</address>
</CI_Contact>
</contactInfo>
<role>
<CI_RoleCode codeList="http://www.isotc211.org/2005/resources/Codelist/gmxCodelists.xml#CI_RoleCode" codeListValue="pointOfContact" codeSpace="ISOTC211/19115">pointOfContact</CI_RoleCode>
</role>
</CI_ResponsibleParty>
</citedResponsibleParty>
</CI_Citation>
</citation>
<abstract>
<gco:CharacterString>

Includes:

National Parks
National Marine Conservation Areas
heritage canals
National Wildlife Areas
Other Federal Protected areas

This dataset is provided by the federal government, and may not include all Federal protected lands.
    Additional Documentation  


Federal Protected Area - Data Description

Federal Protected Area - Documentation

   Status  On going: Data is continually being updated      
Maintenance and Update Frequency  As needed: Data is updated as deemed necessary      Contact
Carla Jordan, Office of the Surveyor General, carla.jordan@ontario.ca </gco:CharacterString>
</abstract>
<purpose>
<gco:CharacterString>Intended for mapping purposes to identify Federal lands</gco:CharacterString>
</purpose>
<credit>
<gco:CharacterString>https://www.ontario.ca/page/open-government-licence-ontario</gco:CharacterString>
</credit>
<status gco:nilReason="missing"/>
<pointOfContact>
<CI_ResponsibleParty>
<organisationName>
<gco:CharacterString>Ministry of Natural Resources and Forestry</gco:CharacterString>
</organisationName>
<positionName>
<gco:CharacterString>Land Information Ontario - Support</gco:CharacterString>
</positionName>
<contactInfo>
<CI_Contact>
<phone>
<CI_Telephone>
<voice>
<gco:CharacterString>1 (705) 7551878</gco:CharacterString>
</voice>
</CI_Telephone>
</phone>
<address>
<CI_Address>
<electronicMailAddress>
<gco:CharacterString>lioMNR@ontario.ca</gco:CharacterString>
</electronicMailAddress>
</CI_Address>
</address>
</CI_Contact>
</contactInfo>
<role>
<CI_RoleCode codeList="http://www.isotc211.org/2005/resources/Codelist/gmxCodelists.xml#CI_RoleCode" codeListValue="pointOfContact" codeSpace="ISOTC211/19115">pointOfContact</CI_RoleCode>
</role>
</CI_ResponsibleParty>
</pointOfContact>
<descriptiveKeywords>
<MD_Keywords>
<keyword>
<gco:CharacterString>MAPPING</gco:CharacterString>
</keyword>
<keyword>
<gco:CharacterString>WILDLIFE REFUGES</gco:CharacterString>
</keyword>
<keyword>
<gco:CharacterString>LAND MANAGEMENT</gco:CharacterString>
</keyword>
<keyword>
<gco:CharacterString>CULTURE/HERITAGE</gco:CharacterString>
</keyword>
<keyword>
<gco:CharacterString>FEDERAL GOVERNMENT</gco:CharacterString>
</keyword>
<keyword>
<gco:CharacterString>MARINE</gco:CharacterString>
</keyword>
<keyword>
<gco:CharacterString>NATIONAL PARKS</gco:CharacterString>
</keyword>
<keyword>
<gco:CharacterString>CROWN</gco:CharacterString>
</keyword>
<keyword>
<gco:CharacterString>PARKS</gco:CharacterString>
</keyword>
<keyword>
<gco:CharacterString>LANDS</gco:CharacterString>
</keyword>
<type>
<MD_KeywordTypeCode codeList="http://www.isotc211.org/2005/resources/Codelist/gmxCodelists.xml#MD_KeywordTypeCode" codeListValue="theme" codeSpace="ISOTC211/19115">theme</MD_KeywordTypeCode>
</type>
<thesaurusName>
<CI_Citation>
<title>
<gco:CharacterString>external</gco:CharacterString>
</title>
<date gco:nilReason="missing"/>
<citedResponsibleParty gco:nilReason="missing"/>
</CI_Citation>
</thesaurusName>
</MD_Keywords>
</descriptiveKeywords>
<descriptiveKeywords>
<MD_Keywords>
<keyword>
<gco:CharacterString>MAPPING</gco:CharacterString>
</keyword>
<keyword>
<gco:CharacterString>WILDLIFE REFUGES</gco:CharacterString>
</keyword>
<keyword>
<gco:CharacterString>LAND MANAGEMENT</gco:CharacterString>
</keyword>
<keyword>
<gco:CharacterString>CULTURE/HERITAGE</gco:CharacterString>
</keyword>
<keyword>
<gco:CharacterString>FEDERAL GOVERNMENT</gco:CharacterString>
</keyword>
<keyword>
<gco:CharacterString>MARINE</gco:CharacterString>
</keyword>
<keyword>
<gco:CharacterString>NATIONAL PARKS</gco:CharacterString>
</keyword>
<keyword>
<gco:CharacterString>CROWN</gco:CharacterString>
</keyword>
<keyword>
<gco:CharacterString>PARKS</gco:CharacterString>
</keyword>
<keyword>
<gco:CharacterString>LANDS</gco:CharacterString>
</keyword>
<type>
<MD_KeywordTypeCode codeList="http://www.isotc211.org/2005/resources/Codelist/gmxCodelists.xml#MD_KeywordTypeCode" codeListValue="theme" codeSpace="ISOTC211/19115">theme</MD_KeywordTypeCode>
</type>
<thesaurusName>
<CI_Citation>
<title>
<gco:CharacterString>external</gco:CharacterString>
</title>
<date gco:nilReason="missing"/>
<citedResponsibleParty gco:nilReason="missing"/>
</CI_Citation>
</thesaurusName>
</MD_Keywords>
</descriptiveKeywords>
<descriptiveKeywords>
<MD_Keywords>
<keyword>
<gco:CharacterString>MAPPING</gco:CharacterString>
</keyword>
<keyword>
<gco:CharacterString>WILDLIFE REFUGES</gco:CharacterString>
</keyword>
<keyword>
<gco:CharacterString>LAND MANAGEMENT</gco:CharacterString>
</keyword>
<keyword>
<gco:CharacterString>CULTURE/HERITAGE</gco:CharacterString>
</keyword>
<keyword>
<gco:CharacterString>FEDERAL GOVERNMENT</gco:CharacterString>
</keyword>
<keyword>
<gco:CharacterString>MARINE</gco:CharacterString>
</keyword>
<keyword>
<gco:CharacterString>NATIONAL PARKS</gco:CharacterString>
</keyword>
<keyword>
<gco:CharacterString>CROWN</gco:CharacterString>
</keyword>
<keyword>
<gco:CharacterString>PARKS</gco:CharacterString>
</keyword>
<keyword>
<gco:CharacterString>LANDS</gco:CharacterString>
</keyword>
<type>
<MD_KeywordTypeCode codeList="http://www.isotc211.org/2005/resources/Codelist/gmxCodelists.xml#MD_KeywordTypeCode" codeListValue="theme" codeSpace="ISOTC211/19115">theme</MD_KeywordTypeCode>
</type>
<thesaurusName>
<CI_Citation>
<title>
<gco:CharacterString>external</gco:CharacterString>
</title>
<date gco:nilReason="missing"/>
<citedResponsibleParty gco:nilReason="missing"/>
</CI_Citation>
</thesaurusName>
</MD_Keywords>
</descriptiveKeywords>
<descriptiveKeywords>
<MD_Keywords>
<keyword>
<gco:CharacterString>MAPPING</gco:CharacterString>
</keyword>
<keyword>
<gco:CharacterString>WILDLIFE REFUGES</gco:CharacterString>
</keyword>
<keyword>
<gco:CharacterString>LAND MANAGEMENT</gco:CharacterString>
</keyword>
<keyword>
<gco:CharacterString>CULTURE/HERITAGE</gco:CharacterString>
</keyword>
<keyword>
<gco:CharacterString>FEDERAL GOVERNMENT</gco:CharacterString>
</keyword>
<keyword>
<gco:CharacterString>MARINE</gco:CharacterString>
</keyword>
<keyword>
<gco:CharacterString>NATIONAL PARKS</gco:CharacterString>
</keyword>
<keyword>
<gco:CharacterString>CROWN</gco:CharacterString>
</keyword>
<keyword>
<gco:CharacterString>PARKS</gco:CharacterString>
</keyword>
<keyword>
<gco:CharacterString>LANDS</gco:CharacterString>
</keyword>
<type>
<MD_KeywordTypeCode codeList="http://www.isotc211.org/2005/resources/Codelist/gmxCodelists.xml#MD_KeywordTypeCode" codeListValue="theme" codeSpace="ISOTC211/19115">theme</MD_KeywordTypeCode>
</type>
<thesaurusName>
<CI_Citation>
<title>
<gco:CharacterString>external</gco:CharacterString>
</title>
<date gco:nilReason="missing"/>
<citedResponsibleParty gco:nilReason="missing"/>
</CI_Citation>
</thesaurusName>
</MD_Keywords>
</descriptiveKeywords>
<descriptiveKeywords>
<MD_Keywords>
<keyword>
<gco:CharacterString>MAPPING</gco:CharacterString>
</keyword>
<keyword>
<gco:CharacterString>WILDLIFE REFUGES</gco:CharacterString>
</keyword>
<keyword>
<gco:CharacterString>LAND MANAGEMENT</gco:CharacterString>
</keyword>
<keyword>
<gco:CharacterString>CULTURE/HERITAGE</gco:CharacterString>
</keyword>
<keyword>
<gco:CharacterString>FEDERAL GOVERNMENT</gco:CharacterString>
</keyword>
<keyword>
<gco:CharacterString>MARINE</gco:CharacterString>
</keyword>
<keyword>
<gco:CharacterString>NATIONAL PARKS</gco:CharacterString>
</keyword>
<keyword>
<gco:CharacterString>CROWN</gco:CharacterString>
</keyword>
<keyword>
<gco:CharacterString>PARKS</gco:CharacterString>
</keyword>
<keyword>
<gco:CharacterString>LANDS</gco:CharacterString>
</keyword>
<type>
<MD_KeywordTypeCode codeList="http://www.isotc211.org/2005/resources/Codelist/gmxCodelists.xml#MD_KeywordTypeCode" codeListValue="theme" codeSpace="ISOTC211/19115">theme</MD_KeywordTypeCode>
</type>
<thesaurusName>
<CI_Citation>
<title>
<gco:CharacterString>external</gco:CharacterString>
</title>
<date gco:nilReason="missing"/>
<citedResponsibleParty gco:nilReason="missing"/>
</CI_Citation>
</thesaurusName>
</MD_Keywords>
</descriptiveKeywords>
<descriptiveKeywords>
<MD_Keywords>
<keyword>
<gco:CharacterString>MAPPING</gco:CharacterString>
</keyword>
<keyword>
<gco:CharacterString>WILDLIFE REFUGES</gco:CharacterString>
</keyword>
<keyword>
<gco:CharacterString>LAND MANAGEMENT</gco:CharacterString>
</keyword>
<keyword>
<gco:CharacterString>CULTURE/HERITAGE</gco:CharacterString>
</keyword>
<keyword>
<gco:CharacterString>FEDERAL GOVERNMENT</gco:CharacterString>
</keyword>
<keyword>
<gco:CharacterString>MARINE</gco:CharacterString>
</keyword>
<keyword>
<gco:CharacterString>NATIONAL PARKS</gco:CharacterString>
</keyword>
<keyword>
<gco:CharacterString>CROWN</gco:CharacterString>
</keyword>
<keyword>
<gco:CharacterString>PARKS</gco:CharacterString>
</keyword>
<keyword>
<gco:CharacterString>LANDS</gco:CharacterString>
</keyword>
<type>
<MD_KeywordTypeCode codeList="http://www.isotc211.org/2005/resources/Codelist/gmxCodelists.xml#MD_KeywordTypeCode" codeListValue="theme" codeSpace="ISOTC211/19115">theme</MD_KeywordTypeCode>
</type>
<thesaurusName>
<CI_Citation>
<title>
<gco:CharacterString>external</gco:CharacterString>
</title>
<date gco:nilReason="missing"/>
<citedResponsibleParty gco:nilReason="missing"/>
</CI_Citation>
</thesaurusName>
</MD_Keywords>
</descriptiveKeywords>
<descriptiveKeywords>
<MD_Keywords>
<keyword>
<gco:CharacterString>MAPPING</gco:CharacterString>
</keyword>
<keyword>
<gco:CharacterString>WILDLIFE REFUGES</gco:CharacterString>
</keyword>
<keyword>
<gco:CharacterString>LAND MANAGEMENT</gco:CharacterString>
</keyword>
<keyword>
<gco:CharacterString>CULTURE/HERITAGE</gco:CharacterString>
</keyword>
<keyword>
<gco:CharacterString>FEDERAL GOVERNMENT</gco:CharacterString>
</keyword>
<keyword>
<gco:CharacterString>MARINE</gco:CharacterString>
</keyword>
<keyword>
<gco:CharacterString>NATIONAL PARKS</gco:CharacterString>
</keyword>
<keyword>
<gco:CharacterString>CROWN</gco:CharacterString>
</keyword>
<keyword>
<gco:CharacterString>PARKS</gco:CharacterString>
</keyword>
<keyword>
<gco:CharacterString>LANDS</gco:CharacterString>
</keyword>
<type>
<MD_KeywordTypeCode codeList="http://www.isotc211.org/2005/resources/Codelist/gmxCodelists.xml#MD_KeywordTypeCode" codeListValue="theme" codeSpace="ISOTC211/19115">theme</MD_KeywordTypeCode>
</type>
<thesaurusName>
<CI_Citation>
<title>
<gco:CharacterString>external</gco:CharacterString>
</title>
<date gco:nilReason="missing"/>
<citedResponsibleParty gco:nilReason="missing"/>
</CI_Citation>
</thesaurusName>
</MD_Keywords>
</descriptiveKeywords>
<descriptiveKeywords>
<MD_Keywords>
<keyword>
<gco:CharacterString>MAPPING</gco:CharacterString>
</keyword>
<keyword>
<gco:CharacterString>WILDLIFE REFUGES</gco:CharacterString>
</keyword>
<keyword>
<gco:CharacterString>LAND MANAGEMENT</gco:CharacterString>
</keyword>
<keyword>
<gco:CharacterString>CULTURE/HERITAGE</gco:CharacterString>
</keyword>
<keyword>
<gco:CharacterString>FEDERAL GOVERNMENT</gco:CharacterString>
</keyword>
<keyword>
<gco:CharacterString>MARINE</gco:CharacterString>
</keyword>
<keyword>
<gco:CharacterString>NATIONAL PARKS</gco:CharacterString>
</keyword>
<keyword>
<gco:CharacterString>CROWN</gco:CharacterString>
</keyword>
<keyword>
<gco:CharacterString>PARKS</gco:CharacterString>
</keyword>
<keyword>
<gco:CharacterString>LANDS</gco:CharacterString>
</keyword>
<type>
<MD_KeywordTypeCode codeList="http://www.isotc211.org/2005/resources/Codelist/gmxCodelists.xml#MD_KeywordTypeCode" codeListValue="theme" codeSpace="ISOTC211/19115">theme</MD_KeywordTypeCode>
</type>
<thesaurusName>
<CI_Citation>
<title>
<gco:CharacterString>external</gco:CharacterString>
</title>
<date gco:nilReason="missing"/>
<citedResponsibleParty gco:nilReason="missing"/>
</CI_Citation>
</thesaurusName>
</MD_Keywords>
</descriptiveKeywords>
<descriptiveKeywords>
<MD_Keywords>
<keyword>
<gco:CharacterString>MAPPING</gco:CharacterString>
</keyword>
<keyword>
<gco:CharacterString>WILDLIFE REFUGES</gco:CharacterString>
</keyword>
<keyword>
<gco:CharacterString>LAND MANAGEMENT</gco:CharacterString>
</keyword>
<keyword>
<gco:CharacterString>CULTURE/HERITAGE</gco:CharacterString>
</keyword>
<keyword>
<gco:CharacterString>FEDERAL GOVERNMENT</gco:CharacterString>
</keyword>
<keyword>
<gco:CharacterString>MARINE</gco:CharacterString>
</keyword>
<keyword>
<gco:CharacterString>NATIONAL PARKS</gco:CharacterString>
</keyword>
<keyword>
<gco:CharacterString>CROWN</gco:CharacterString>
</keyword>
<keyword>
<gco:CharacterString>PARKS</gco:CharacterString>
</keyword>
<keyword>
<gco:CharacterString>LANDS</gco:CharacterString>
</keyword>
<type>
<MD_KeywordTypeCode codeList="http://www.isotc211.org/2005/resources/Codelist/gmxCodelists.xml#MD_KeywordTypeCode" codeListValue="theme" codeSpace="ISOTC211/19115">theme</MD_KeywordTypeCode>
</type>
<thesaurusName>
<CI_Citation>
<title>
<gco:CharacterString>external</gco:CharacterString>
</title>
<date gco:nilReason="missing"/>
<citedResponsibleParty gco:nilReason="missing"/>
</CI_Citation>
</thesaurusName>
</MD_Keywords>
</descriptiveKeywords>
<descriptiveKeywords>
<MD_Keywords>
<keyword>
<gco:CharacterString>MAPPING</gco:CharacterString>
</keyword>
<keyword>
<gco:CharacterString>WILDLIFE REFUGES</gco:CharacterString>
</keyword>
<keyword>
<gco:CharacterString>LAND MANAGEMENT</gco:CharacterString>
</keyword>
<keyword>
<gco:CharacterString>CULTURE/HERITAGE</gco:CharacterString>
</keyword>
<keyword>
<gco:CharacterString>FEDERAL GOVERNMENT</gco:CharacterString>
</keyword>
<keyword>
<gco:CharacterString>MARINE</gco:CharacterString>
</keyword>
<keyword>
<gco:CharacterString>NATIONAL PARKS</gco:CharacterString>
</keyword>
<keyword>
<gco:CharacterString>CROWN</gco:CharacterString>
</keyword>
<keyword>
<gco:CharacterString>PARKS</gco:CharacterString>
</keyword>
<keyword>
<gco:CharacterString>LANDS</gco:CharacterString>
</keyword>
<type>
<MD_KeywordTypeCode codeList="http://www.isotc211.org/2005/resources/Codelist/gmxCodelists.xml#MD_KeywordTypeCode" codeListValue="theme" codeSpace="ISOTC211/19115">theme</MD_KeywordTypeCode>
</type>
<thesaurusName>
<CI_Citation>
<title>
<gco:CharacterString>external</gco:CharacterString>
</title>
<date gco:nilReason="missing"/>
<citedResponsibleParty gco:nilReason="missing"/>
</CI_Citation>
</thesaurusName>
</MD_Keywords>
</descriptiveKeywords>
<resourceConstraints>
<MD_Constraints>
<useLimitation>
<gco:CharacterString>Use LimitationOpen Government Licence – Ontario You are encouraged to use the Information that is available under this licence with only a few conditions.Using Information under this licence1. Use of any Information indicates your acceptance of the terms below.2. The Information Provider grants you a worldwide, royalty-free, perpetual, non-exclusive licence to use the Information, including for commercial purposes, subject to the terms below.You are free to:3. Copy, modify, publish, translate, adapt, distribute or otherwise use the Information in any medium, mode or format for any lawful purpose. You must, where you do any of the above:4. Acknowledge the source of the Information by including any attribution statement specified by the Information Provider(s) and, where possible, provide a link to this licence. If the Information Provider does not provide a specific attribution statement, or if you are using Information from several Information Providers and multiple attributions are not practical for your product or application, you must use the following attribution statement: Contains information licensed under the Open Government Licence – Ontario.5. The terms of this licence are important, and if you fail to comply with any of them, the rights granted to you under this licence, or any similar licence granted by the Information Provider, will end automatically.Exemptions6. This licence does not grant you any right to use: a) Personal Information; b) Information or Records not accessible under the Freedom of Information and Protection of Privacy Act (Ontario); c) third party rights the Information Provider is not authorized to license; d) the names, crests, logos, or other official symbols of the Information Provider; and e) Information subject to other intellectual property rights, including patents, trade-marks and official marks.Non-endorsement7. This licence does not grant you any right to use the Information in a way that suggests any official status or that the Information Provider endorses you or your use of the Information.No warranty8. The Information is licensed “as is”, and the Information Provider excludes all representations, warranties, obligations, and liabilities, whether express or implied, to the maximum extent permitted by law.9. The Information Provider is not liable for any errors or omissions in the Information, and will not under any circumstances be liable for any direct, indirect, special, incidental, consequential, or other loss, injury or damage caused by its use or otherwise arising in connection with this licence or the Information, even if specifically advised of the possibility of such loss, injury or damage.Governing Law10. This licence is governed by the laws of the Province of Ontario and the applicable laws of Canada.11. Legal proceedings related to this licence may only be brought in the courts of Ontario.Definitions12. In this licence, the terms below have the following meanings: &amp;quot;Information&amp;quot; means information resources or Records protected by copyright or other information or Records that are offered for use under the terms of this licence. &amp;quot;Information Provider&amp;quot; means Her Majesty the Queen in right of Ontario. “Personal Information” has the meaning set out in section 2(1) of the Freedom of Information and Protection of Privacy Act (Ontario). “Records” has the meaning of “record” as set out in the Freedom of Information and Protection of Privacy Act (Ontario). &amp;quot;You&amp;quot; means the natural or legal person, or body of persons corporate or incorporate, acquiring rights under this licence.Versioning13. This is version 1.0 of the Open Government Licence – Ontario. The Information Provider may make changes to the terms of this licence from time to time and issue a new version of the licence. Your use of the Information will be governed by the terms of the licence in force as of the date you accessed the information.</gco:CharacterString>
</useLimitation>
</MD_Constraints>
</resourceConstraints>
<resourceConstraints>
<MD_LegalConstraints>
<useLimitation>
<gco:CharacterString>Open Government Licence – Ontario - You are encouraged to use the Information that is available under this licence with only a few conditions. Using Information under this licence - 1. Use of any Information indicates your acceptance of the terms below. 2. The Information Provider grants you a worldwide, royalty-free, perpetual, non-exclusive licence to use the Information, including for commercial purposes, subject to the terms below. You are free to: 3. Copy, modify, publish, translate, adapt, distribute or otherwise use the Information in any medium, mode or format for any lawful purpose. You must, where you do any of the above: 4. Acknowledge the source of the Information by including any attribution statement specified by the Information Provider(s) and, where possible, provide a link to this licence. If the Information Provider does not provide a specific attribution statement, or if you are using Information from several Information Providers and multiple attributions are not practical for your product or application, you must use the following attribution statement: Contains information licensed under the Open Government Licence – Ontario. 5. The terms of this licence are important, and if you fail to comply with any of them, the rights granted to you under this licence, or any similar licence granted by the Information Provider, will end automatically. Exemptions 6. This licence does not grant you any right to use: a) Personal Information; b) Information or Records not accessible under the Freedom of Information and Protection of Privacy Act (Ontario); c) third party rights the Information Provider is not authorized to license; d) the names, crests, logos, or other official symbols of the Information Provider; and e) Information subject to other intellectual property rights, including patents, trade-marks and official marks. Non-endorsement 7. This licence does not grant you any right to use the Information in a way that suggests any official status or that the Information Provider endorses you or your use of the Information. No warranty 8. The Information is licensed “as is”, and the Information Provider excludes all representations, warranties, obligations, and liabilities, whether express or implied, to the maximum extent permitted by law. 9. The Information Provider is not liable for any errors or omissions in the Information, and will not under any circumstances be liable for any direct, indirect, special, incidental, consequential, or other loss, injury or damage caused by its use or otherwise arising in connection with this licence or the Information, even if specifically advised of the possibility of such loss, injury or damage. Governing Law 10. This licence is governed by the laws of the Province of Ontario and the applicable laws of Canada. 11. Legal proceedings related to this licence may only be brought in the courts of Ontario. Definitions 12. In this licence, the terms below have the following meanings: "Information" means information resources or Records protected by copyright or other information or Records that are offered for use under the terms of this licence. "Information Provider" means Her Majesty the Queen in right of Ontario. “Personal Information” has the meaning set out in section 2(1) of the Freedom of Information and Protection of Privacy Act (Ontario). “Records” has the meaning of “record” as set out in the Freedom of Information and Protection of Privacy Act (Ontario). "You" means the natural or legal person, or body of persons corporate or incorporate, acquiring rights under this licence. Versioning 13. This is version 1.0of the Open Government Licence – Ontario. The Information Provider may make changes to the terms of this licence from time to time and issue a new version of the licence. Your use of the Information will be governed by the terms of the licence in force as of the date you accessed the information.</gco:CharacterString>
</useLimitation>
</MD_LegalConstraints>
</resourceConstraints>
<language gco:nilReason="missing"/>
<characterSet>
<MD_CharacterSetCode codeList="http://www.isotc211.org/2005/resources/Codelist/gmxCodelists.xml#MD_CharacterSetCode" codeListValue="utf8" codeSpace="ISOTC211/19115">utf8</MD_CharacterSetCode>
</characterSet>
<environmentDescription>
<gco:CharacterString>NRVIS</gco:CharacterString>
</environmentDescription>
<extent>
<EX_Extent>
<geographicElement>
<EX_GeographicBoundingBox>
<westBoundLongitude>
<gco:Decimal>-95</gco:Decimal>
</westBoundLongitude>
<eastBoundLongitude>
<gco:Decimal>-74</gco:Decimal>
</eastBoundLongitude>
<southBoundLatitude>
<gco:Decimal>42</gco:Decimal>
</southBoundLatitude>
<northBoundLatitude>
<gco:Decimal>57</gco:Decimal>
</northBoundLatitude>
</EX_GeographicBoundingBox>
</geographicElement>
</EX_Extent>
</extent>
</MD_DataIdentification>
</identificationInfo>
<distributionInfo>
<MD_Distribution>
<distributionFormat>
<MD_Format>
<name>
<gco:CharacterString>Federal Protected Area</gco:CharacterString>
</name>
<version>
<gco:CharacterString>N/A</gco:CharacterString>
</version>
</MD_Format>
</distributionFormat>
<distributor>
<MD_Distributor>
<distributorContact>
<CI_ResponsibleParty>
<organisationName>
<gco:CharacterString>Land and Resources Cluster, Land Information Ontario Helpline</gco:CharacterString>
</organisationName>
<positionName>
<gco:CharacterString>Support Staff (Tier-1 Support)</gco:CharacterString>
</positionName>
<contactInfo>
<CI_Contact>
<phone>
<CI_Telephone>
<voice>
<gco:CharacterString>1 (705) 7551878</gco:CharacterString>
</voice>
</CI_Telephone>
</phone>
<address>
<CI_Address>
<electronicMailAddress>
<gco:CharacterString>lioMNR@ontario.ca</gco:CharacterString>
</electronicMailAddress>
</CI_Address>
</address>
</CI_Contact>
</contactInfo>
<role>
<CI_RoleCode codeList="http://www.isotc211.org/2005/resources/Codelist/gmxCodelists.xml#CI_RoleCode" codeListValue="pointOfContact" codeSpace="ISOTC211/19115">pointOfContact</CI_RoleCode>
</role>
</CI_ResponsibleParty>
</distributorContact>
</MD_Distributor>
</distributor>
<transferOptions>
<MD_DigitalTransferOptions>
<unitsOfDistribution>
<gco:CharacterString>Metadata Link for SOAP, REST and WMS web service linkages</gco:CharacterString>
</unitsOfDistribution>
</MD_DigitalTransferOptions>
</transferOptions>
<transferOptions>
<MD_DigitalTransferOptions>
<unitsOfDistribution>
<gco:CharacterString>Shape file - refer here for refresh date: https://www.sse.gov.on.ca/sites/MNR-PublicDocs/EN/CMID/DataDistributionCatalogue.xlsx</gco:CharacterString>
</unitsOfDistribution>
</MD_DigitalTransferOptions>
</transferOptions>
<transferOptions>
<MD_DigitalTransferOptions>
<unitsOfDistribution>
<gco:CharacterString>Documentation</gco:CharacterString>
</unitsOfDistribution>
</MD_DigitalTransferOptions>
</transferOptions>
</MD_Distribution>
</distributionInfo>
<dataQualityInfo>
<DQ_DataQuality>
<scope gco:nilReason="missing"/>
<report>
<DQ_RelativeInternalPositionalAccuracy>
<measureDescription>
<gco:CharacterString>Horizontal: Reliable: +/- 100 m; Vertical: Not Applicable</gco:CharacterString>
</measureDescription>
<result gco:nilReason="missing"/>
</DQ_RelativeInternalPositionalAccuracy>
</report>
<lineage>
<LI_Lineage>
<source>
<LI_Source>
<description>
<gco:CharacterString>data received from Parks Canada</gco:CharacterString>
</description>
<sourceCitation>
<CI_Citation>
<title>
<gco:CharacterString>National Parks Ontario</gco:CharacterString>
</title>
<date gco:nilReason="missing"/>
<citedResponsibleParty gco:nilReason="missing"/>
</CI_Citation>
</sourceCitation>
</LI_Source>
</source>
<source>
<LI_Source>
<description>
<gco:CharacterString>Data provided by Federal government captured in NRVIS Data collected on 09/07/2008</gco:CharacterString>
</description>
<sourceCitation>
<CI_Citation>
<title>
<gco:CharacterString>Land Ownership</gco:CharacterString>
</title>
<date gco:nilReason="missing"/>
<citedResponsibleParty gco:nilReason="missing"/>
</CI_Citation>
</sourceCitation>
</LI_Source>
</source>
</LI_Lineage>
</lineage>
</DQ_DataQuality>
</dataQualityInfo>
</MD_Metadata>
